target_no2,temperature,pct_11240,pct_12100,pct_21000,pct_23000,pct_50000,pct_11100,pct_11220,pct_11230,pct_12220,pct_13300,pct_13400,pct_14100,pct_14200,pct_11210,pct_12230,pct_31000,pct_11300,pct_32000,pct_12210,pct_24000,pct_12400,pct_13100,pct_40000,pct_33000
9.08063,21.467,1.47,0.73,34.34,32.87,30.58,0.0,0.0,0.0,0.0,0.0,0.0,0.0,0.0,0.0,0.0,0.0,0.0,0.0,0.0,0.0,0.0,0.0,0.0,0.0
9.08063,21.581,13.77,0.0,5.14,32.78,1.84,24.7,4.59,12.4,0.92,1.19,2.66,0.0,0.0,0.0,0.0,0.0,0.0,0.0,0.0,0.0,0.0,0.0,0.0,0.0
9.08063,21.72,0.0,5.42,0.0,0.0,31.68,19.47,0.0,2.48,0.0,0.0,0.09,40.86,0.0,0.0,0.0,0.0,0.0,0.0,0.0,0.0,0.0,0.0,0.0,0.0
9.872329,21.72,0.0,0.73,0.18,0.0,2.2,68.6,0.0,0.0,1.1,0.0,3.58,20.29,3.31,0.0,0.0,0.0,0.0,0.0,0.0,0.0,0.0,0.0,0.0,0.0
10.121178,21.72,4.04,13.04,11.02,13.77,0.0,46.56,0.0,2.11,0.0,0.0,1.84,0.0,0.0,7.25,0.37,0.0,0.0,0.0,0.0,0.0,0.0,0.0,0.0,0.0
10.121178,21.72,0.0,21.67,37.47,19.65,0.0,0.0,0.0,0.0,0.0,0.0,19.1,0.0,0.09,0.0,0.73,1.29,0.0,0.0,0.0,0.0,0.0,0.0,0.0,0.0
10.121178,21.72,0.0,22.87,64.83,5.79,0.0,0.0,0.0,0.0,0.0,0.09,0.0,0.0,0.0,0.0,0.0,6.06,0.37,0.0,0.0,0.0,0.0,0.0,0.0,0.0
10.121178,21.72,0.0,33.33,51.97,2.02,0.0,1.19,0.0,0.0,0.0,1.84,0.0,0.0,9.64,0.0,0.0,0.0,0.0,0.0,0.0,0.0,0.0,0.0,0.0,0.0
10.121178,21.72,0.0,18.64,67.13,0.37,0.0,2.94,0.0,0.0,0.37,0.0,0.0,8.26,1.74,0.0,0.0,0.0,0.55,0.0,0.0,0.0,0.0,0.0,0.0,0.0
10.121178,21.72,1.65,11.29,68.78,0.0,0.0,3.58,1.01,1.01,0.0,0.0,3.21,0.0,0.0,9.0,0.0,0.0,0.46,0.0,0.0,0.0,0.0,0.0,0.0,0.0
10.121178,21.72,2.48,1.56,46.37,0.0,0.0,24.61,4.68,1.84,0.0,0.0,0.64,0.0,0.0,1.29,0.0,6.89,0.28,9.37,0.0,0.0,0.0,0.0,0.0,0.0
10.121178,21.72,0.0,21.4,2.94,1.29,0.0,4.59,0.0,0.0,2.02,0.0,0.0,0.0,10.65,0.0,0.0,40.59,0.0,16.53,0.0,0.0,0.0,0.0,0.0,0.0
10.121178,21.72,0.0,2.2,0.0,7.35,0.0,0.0,0.0,0.0,0.18,0.0,0.0,0.0,0.0,0.0,0.0,90.27,0.0,0.0,0.0,0.0,0.0,0.0,0.0,0.0
10.121178,21.72,0.0,0.0,0.0,0.0,0.0,0.0,0.0,0.0,0.0,0.0,0.0,0.0,0.0,0.0,0.0,99.45,0.55,0.0,0.0,0.0,0.0,0.0,0.0,0.0
8.93327,21.72,0.0,0.0,0.0,0.0,0.0,0.0,0.0,0.0,0.0,0.0,0.0,0.0,0.0,0.0,0.0,100.0,0.0,0.0,0.0,0.0,0.0,0.0,0.0,0.0
7.821057,21.72,0.0,0.0,0.0,0.0,0.0,0.0,0.0,0.0,0.0,0.0,0.0,0.0,0.0,0.0,0.0,100.0,0.0,0.0,0.0,0.0,0.0,0.0,0.0,0.0
7.821057,21.72,0.0,0.0,0.0,0.0,0.0,0.0,0.0,0.0,0.0,0.0,0.0,0.0,0.0,0.0,0.0,100.0,0.0,0.0,0.0,0.0,0.0,0.0,0.0,0.0
7.821057,21.72,0.0,0.0,0.0,0.0,0.0,0.0,0.0,0.0,0.0,0.0,0.0,0.0,0.0,0.0,0.0,100.0,0.0,0.0,0.0,0.0,0.0,0.0,0.0,0.0
7.821057,21.72,0.0,0.0,0.0,0.0,0.0,0.0,0.0,0.0,0.0,0.0,0.0,0.0,0.0,0.0,0.0,100.0,0.0,0.0,0.0,0.0,0.0,0.0,0.0,0.0
7.821057,21.72,0.0,13.13,1.56,26.26,0.0,20.39,0.0,0.0,1.1,0.0,0.0,0.0,4.96,0.0,0.0,32.6,0.0,0.0,0.0,0.0,0.0,0.0,0.0,0.0
7.821057,21.72,0.0,4.59,0.0,93.85,0.0,1.38,0.0,0.0,0.18,0.0,0.0,0.0,0.0,0.0,0.0,0.0,0.0,0.0,0.0,0.0,0.0,0.0,0.0,0.0
7.821057,21.72,0.0,4.59,2.3,76.4,1.19,0.0,0.0,0.0,2.75,0.0,0.0,0.0,0.0,0.0,0.0,12.76,0.0,0.0,0.0,0.0,0.0,0.0,0.0,0.0
7.821057,21.72,0.0,1.29,65.93,8.36,2.11,0.0,0.0,0.0,0.46,0.18,0.0,0.0,0.0,0.0,0.0,21.4,0.0,0.0,0.28,0.0,0.0,0.0,0.0,0.0
7.821057,21.72,0.0,35.9,17.45,20.39,0.0,0.0,0.0,0.0,6.06,8.63,4.68,0.0,0.0,0.0,0.0,0.0,0.0,0.46,6.43,0.0,0.0,0.0,0.0,0.0
7.821057,21.72,0.0,38.93,5.79,51.52,0.0,0.0,0.0,0.0,0.18,2.2,1.38,0.0,0.0,0.0,0.0,0.0,0.0,0.0,0.0,0.0,0.0,0.0,0.0,0.0
7.398912,21.72,0.0,14.33,50.78,14.42,0.0,15.34,0.0,0.0,0.55,4.04,0.55,0.0,0.0,0.0,0.0,0.0,0.0,0.0,0.0,0.0,0.0,0.0,0.0,0.0
6.269406,21.72,0.0,0.0,75.67,24.33,0.0,0.0,0.0,0.0,0.0,0.0,0.0,0.0,0.0,0.0,0.0,0.0,0.0,0.0,0.0,0.0,0.0,0.0,0.0,0.0
6.269406,21.72,0.0,0.0,3.4,96.6,0.0,0.0,0.0,0.0,0.0,0.0,0.0,0.0,0.0,0.0,0.0,0.0,0.0,0.0,0.0,0.0,0.0,0.0,0.0,0.0
9.08063,21.467,3.58,0.0,15.06,80.35,0.0,0.0,0.0,0.55,0.46,0.0,0.0,0.0,0.0,0.0,0.0,0.0,0.0,0.0,0.0,0.0,0.0,0.0,0.0,0.0
9.08063,21.581,9.37,0.0,1.65,46.28,0.0,0.92,18.73,12.58,5.6,0.0,1.47,1.29,0.0,2.11,0.0,0.0,0.0,0.0,0.0,0.0,0.0,0.0,0.0,0.0
9.08063,21.72,8.54,0.55,9.92,30.58,4.96,28.28,9.27,1.93,1.1,0.0,0.0,0.0,0.0,4.87,0.0,0.0,0.0,0.0,0.0,0.0,0.0,0.0,0.0,0.0
9.872329,21.72,0.55,1.56,0.18,3.12,17.08,22.22,0.0,0.0,0.46,0.0,1.84,0.64,2.66,11.39,0.0,36.91,1.38,0.0,0.0,0.0,0.0,0.0,0.0,0.0
10.121178,21.72,0.0,32.05,16.35,0.0,4.5,37.19,0.73,0.37,0.64,3.95,1.74,0.0,0.0,1.19,0.09,0.18,0.0,0.0,0.0,1.01,0.0,0.0,0.0,0.0
10.121178,21.72,0.0,47.2,26.54,0.0,0.0,8.54,0.0,0.0,0.0,0.0,5.6,3.58,7.71,0.0,0.37,0.0,0.46,0.0,0.0,0.0,0.0,0.0,0.0,0.0
10.121178,21.72,0.0,33.79,41.23,2.94,0.0,0.28,0.0,0.0,0.0,0.0,0.0,21.76,0.0,0.0,0.0,0.0,0.0,0.0,0.0,0.0,0.0,0.0,0.0,0.0
10.121178,21.72,0.0,1.47,95.59,2.2,0.0,0.0,0.0,0.0,0.0,0.0,0.0,0.0,0.0,0.0,0.0,0.0,0.73,0.0,0.0,0.0,0.0,0.0,0.0,0.0
10.121178,21.72,0.0,0.0,100.0,0.0,0.0,0.0,0.0,0.0,0.0,0.0,0.0,0.0,0.0,0.0,0.0,0.0,0.0,0.0,0.0,0.0,0.0,0.0,0.0,0.0
10.121178,21.72,0.0,0.46,83.38,0.18,0.0,0.0,0.0,0.0,0.0,0.0,0.0,0.0,0.0,0.0,0.0,14.97,1.01,0.0,0.0,0.0,0.0,0.0,0.0,0.0
10.121178,21.72,0.0,0.0,4.5,1.84,0.0,0.46,0.0,0.0,0.18,0.0,3.76,0.0,0.28,0.0,0.0,88.89,0.0,0.09,0.0,0.0,0.0,0.0,0.0,0.0
10.121178,21.72,0.0,36.0,27.36,0.0,0.0,0.0,0.0,0.0,1.47,0.0,0.0,0.0,0.37,0.0,0.0,33.61,0.0,1.19,0.0,0.0,0.0,0.0,0.0,0.0
10.121178,21.72,0.0,29.84,22.59,21.03,0.0,1.29,0.0,0.0,4.04,0.0,0.0,0.0,11.11,0.0,0.0,8.45,1.65,0.0,0.0,0.0,0.0,0.0,0.0,0.0
10.121178,21.72,0.0,0.55,0.0,2.48,0.0,0.0,0.0,0.0,0.0,0.0,0.0,7.07,0.0,0.0,0.0,89.16,0.73,0.0,0.0,0.0,0.0,0.0,0.0,0.0
8.93327,21.72,0.0,0.0,0.0,0.0,0.0,0.0,0.0,0.0,0.0,0.0,0.0,7.44,0.0,0.0,0.0,92.56,0.0,0.0,0.0,0.0,0.0,0.0,0.0,0.0
7.821057,21.72,0.0,12.67,15.34,0.0,0.0,10.93,0.0,0.0,0.0,0.0,0.0,2.11,0.0,0.0,0.0,58.95,0.0,0.0,0.0,0.0,0.0,0.0,0.0,0.0
7.821057,21.72,0.0,6.52,0.0,0.0,0.0,6.89,0.0,0.0,0.0,0.0,0.0,0.0,0.0,0.0,0.0,86.59,0.0,0.0,0.0,0.0,0.0,0.0,0.0,0.0
7.821057,21.72,1.29,0.0,0.0,0.0,0.0,10.38,0.0,0.0,0.0,0.0,1.19,0.73,0.0,0.83,0.0,85.58,0.0,0.0,0.0,0.0,0.0,0.0,0.0,0.0
7.821057,21.72,0.0,0.73,0.0,0.55,0.0,20.48,0.0,0.0,0.09,0.0,0.83,0.0,0.0,0.73,0.0,75.94,0.64,0.0,0.0,0.0,0.0,0.0,0.0,0.0
7.821057,21.72,1.56,0.55,1.65,25.25,0.0,35.35,1.1,0.46,0.0,4.87,3.49,1.29,0.0,7.71,0.0,16.71,0.0,0.0,0.0,0.0,0.0,0.0,0.0,0.0
7.821057,21.72,0.0,0.0,27.55,72.45,0.0,0.0,0.0,0.0,0.0,0.0,0.0,0.0,0.0,0.0,0.0,0.0,0.0,0.0,0.0,0.0,0.0,0.0,0.0,0.0
7.821057,21.72,0.0,0.0,0.0,97.8,0.0,0.0,0.0,0.0,2.2,0.0,0.0,0.0,0.0,0.0,0.0,0.0,0.0,0.0,0.0,0.0,0.0,0.0,0.0,0.0
7.821057,21.72,0.0,3.31,10.19,67.77,0.0,0.0,0.0,0.0,4.41,0.0,0.0,0.0,0.0,0.0,0.0,5.51,0.0,2.02,6.8,0.0,0.0,0.0,0.0,0.0
7.821057,21.72,0.0,40.13,2.57,26.81,0.0,0.0,0.0,0.0,3.67,0.0,0.55,0.0,0.73,0.0,0.0,17.45,0.0,8.08,0.0,0.0,0.0,0.0,0.0,0.0
7.821057,21.72,0.0,27.73,4.59,38.84,0.0,0.0,0.0,0.0,0.0,0.0,0.0,0.0,0.0,0.0,0.0,20.2,0.64,7.99,0.0,0.0,0.0,0.0,0.0,0.0
7.398912,21.72,0.0,4.68,7.16,2.39,0.0,2.3,0.0,0.0,0.0,0.0,0.0,0.0,0.0,0.0,0.0,83.47,0.0,0.0,0.0,0.0,0.0,0.0,0.0,0.0
6.269406,21.72,0.0,0.0,76.49,0.0,0.0,0.0,0.0,0.0,0.0,0.0,0.0,0.0,0.0,0.0,0.0,23.51,0.0,0.0,0.0,0.0,0.0,0.0,0.0,0.0
6.269406,21.72,0.0,0.0,78.15,21.85,0.0,0.0,0.0,0.0,0.0,0.0,0.0,0.0,0.0,0.0,0.0,0.0,0.0,0.0,0.0,0.0,0.0,0.0,0.0,0.0
9.08063,21.467,2.75,1.56,12.67,9.09,1.56,54.55,1.74,9.83,0.83,0.0,1.01,0.0,0.0,4.32,0.09,0.0,0.0,0.0,0.0,0.0,0.0,0.0,0.0,0.0
9.08063,21.581,6.7,4.13,12.49,4.41,10.1,10.93,7.99,10.74,1.74,0.0,0.0,2.75,0.0,28.01,0.0,0.0,0.0,0.0,0.0,0.0,0.0,0.0,0.0,0.0
9.08063,21.72,1.01,1.01,26.91,0.64,6.24,17.81,2.02,1.56,0.46,0.0,1.93,0.55,0.0,6.24,0.0,30.85,0.0,2.75,0.0,0.0,0.0,0.0,0.0,0.0
9.872329,21.72,0.0,0.0,14.6,12.95,19.83,0.0,0.0,0.0,0.0,0.0,0.0,0.0,0.0,0.46,0.64,50.23,1.29,0.0,0.0,0.0,0.0,0.0,0.0,0.0
10.121178,21.72,2.02,10.38,8.08,3.95,0.0,30.49,0.0,0.0,0.18,0.0,2.39,12.12,0.0,10.28,0.09,13.59,0.0,0.0,0.0,6.43,0.0,0.0,0.0,0.0
10.121178,21.72,0.0,6.24,19.01,0.0,0.0,71.9,2.2,0.0,0.0,0.0,0.0,0.64,0.0,0.0,0.0,0.0,0.0,0.0,0.0,0.0,0.0,0.0,0.0,0.0
10.121178,21.72,0.0,0.73,60.61,0.0,1.19,18.0,0.0,0.0,0.0,0.0,0.0,19.47,0.0,0.0,0.0,0.0,0.0,0.0,0.0,0.0,0.0,0.0,0.0,0.0
10.121178,21.72,0.0,0.0,98.99,0.0,0.0,0.0,0.0,0.0,0.0,0.0,0.0,0.0,0.0,0.0,0.0,0.0,1.01,0.0,0.0,0.0,0.0,0.0,0.0,0.0
10.121178,21.72,0.0,0.0,87.05,2.57,0.0,0.0,0.0,0.0,0.0,0.0,0.0,0.0,0.0,0.0,0.0,9.55,0.83,0.0,0.0,0.0,0.0,0.0,0.0,0.0
10.121178,21.72,0.0,0.0,23.32,5.05,0.0,0.0,0.0,0.0,0.0,0.0,0.0,0.0,0.0,0.0,0.0,71.63,0.0,0.0,0.0,0.0,0.0,0.0,0.0,0.0
10.121178,21.72,0.0,8.36,0.0,0.0,0.0,0.0,0.0,0.0,0.0,0.0,0.0,0.0,0.73,0.0,0.0,90.91,0.0,0.0,0.0,0.0,0.0,0.0,0.0,0.0
10.121178,21.72,0.0,16.53,16.99,0.0,0.0,10.1,0.64,0.0,0.46,0.0,0.0,0.0,6.7,5.23,0.0,43.34,0.0,0.0,0.0,0.0,0.0,0.0,0.0,0.0
10.121178,21.72,0.0,44.08,30.95,2.66,0.0,0.0,0.0,0.0,3.49,0.0,2.66,0.0,5.97,0.0,0.0,10.19,0.0,0.0,0.0,0.0,0.0,0.0,0.0,0.0
10.121178,21.72,0.0,16.9,59.32,1.84,0.0,11.57,0.0,0.0,0.92,0.0,0.0,1.65,0.0,1.74,0.0,6.06,0.0,0.0,0.0,0.0,0.0,0.0,0.0,0.0
8.93327,21.72,0.0,0.0,56.01,0.0,0.0,7.44,6.7,0.0,0.0,0.0,2.3,4.68,0.0,2.11,0.0,17.45,0.0,3.31,0.0,0.0,0.0,0.0,0.0,0.0
7.821057,21.72,0.0,12.21,1.1,0.0,0.0,77.69,2.2,0.0,0.0,0.0,3.03,2.75,0.0,1.01,0.0,0.0,0.0,0.0,0.0,0.0,0.0,0.0,0.0,0.0
7.821057,21.72,0.0,16.44,9.37,0.0,0.0,65.93,0.28,0.0,0.28,0.0,0.55,1.01,0.92,5.23,0.0,0.0,0.0,0.0,0.0,0.0,0.0,0.0,0.0,0.0
7.821057,21.72,0.0,2.85,12.3,2.75,0.0,68.96,0.73,0.0,0.0,0.83,2.85,6.8,0.0,1.93,0.0,0.0,0.0,0.0,0.0,0.0,0.0,0.0,0.0,0.0
7.821057,21.72,0.0,3.03,0.0,2.57,0.0,89.81,0.0,0.0,0.18,0.0,1.56,2.57,0.0,0.28,0.0,0.0,0.0,0.0,0.0,0.0,0.0,0.0,0.0,0.0
7.821057,21.72,2.3,0.0,15.61,28.28,0.0,41.32,0.83,0.37,0.0,0.0,2.02,6.61,0.0,2.66,0.0,0.0,0.0,0.0,0.0,0.0,0.0,0.0,0.0,0.0
7.821057,21.72,0.0,0.0,31.68,56.2,0.0,5.42,0.0,0.0,2.11,0.46,0.0,0.0,0.0,4.13,0.0,0.0,0.0,0.0,0.0,0.0,0.0,0.0,0.0,0.0
7.821057,21.72,0.0,0.0,0.18,95.78,0.0,0.0,0.0,0.0,0.73,0.73,0.0,0.0,0.0,0.0,0.0,0.0,0.0,0.0,2.57,0.0,0.0,0.0,0.0,0.0
7.821057,21.72,0.0,0.0,0.0,53.35,0.0,0.0,0.0,0.0,0.0,0.0,0.0,0.0,0.0,0.0,0.0,43.62,0.0,0.0,3.03,0.0,0.0,0.0,0.0,0.0
7.821057,21.72,0.0,0.28,4.59,0.0,0.0,0.0,0.0,0.0,0.73,0.0,0.0,0.0,0.0,0.0,0.18,90.82,0.0,3.4,0.0,0.0,0.0,0.0,0.0,0.0
7.821057,21.72,0.0,0.0,0.0,0.0,0.0,0.0,0.0,0.0,5.88,0.0,0.0,0.0,0.0,0.0,0.28,92.65,0.0,1.19,0.0,0.0,0.0,0.0,0.0,0.0
7.398912,21.72,0.0,0.0,9.18,0.0,0.0,0.0,0.0,0.0,0.0,0.0,0.0,0.0,0.0,0.0,0.0,90.82,0.0,0.0,0.0,0.0,0.0,0.0,0.0,0.0
6.269406,21.72,0.0,0.0,76.68,0.0,0.0,0.0,0.0,0.0,0.0,0.0,0.0,0.0,0.0,0.0,0.0,23.32,0.0,0.0,0.0,0.0,0.0,0.0,0.0,0.0
6.269406,21.72,0.0,0.0,100.0,0.0,0.0,0.0,0.0,0.0,0.0,0.0,0.0,0.0,0.0,0.0,0.0,0.0,0.0,0.0,0.0,0.0,0.0,0.0,0.0,0.0
9.08063,21.467,0.0,7.9,64.55,4.04,0.0,19.74,0.0,0.0,0.0,0.0,1.1,0.0,0.0,1.65,0.64,0.0,0.37,0.0,0.0,0.0,0.0,0.0,0.0,0.0
9.08063,21.581,0.0,8.91,4.13,0.0,0.64,69.24,0.64,0.0,0.18,0.0,0.0,5.42,0.0,10.65,0.18,0.0,0.0,0.0,0.0,0.0,0.0,0.0,0.0,0.0
9.08063,21.72,8.72,5.69,5.51,6.8,22.87,16.71,3.95,3.67,1.29,0.0,0.0,9.18,8.91,0.0,0.0,0.0,1.38,5.33,0.0,0.0,0.0,0.0,0.0,0.0
9.872329,21.72,0.0,2.11,76.77,3.58,11.66,1.47,0.0,0.0,1.1,3.03,0.0,0.0,0.0,0.0,0.28,0.0,0.0,0.0,0.0,0.0,0.0,0.0,0.0,0.0
10.121178,21.72,4.22,7.53,11.39,36.82,3.58,6.89,5.33,0.0,2.48,0.0,0.0,0.0,0.0,0.0,0.0,21.03,0.73,0.0,0.0,0.0,0.0,0.0,0.0,0.0
10.121178,21.72,1.74,2.39,0.09,20.39,18.27,38.75,3.58,1.29,0.46,0.0,0.0,1.19,4.5,3.76,0.0,0.0,3.58,0.0,0.0,0.0,0.0,0.0,0.0,0.0
10.121178,21.72,0.73,3.03,50.05,9.92,8.36,15.98,2.66,0.28,0.37,0.0,0.0,2.11,0.0,6.52,0.0,0.0,0.0,0.0,0.0,0.0,0.0,0.0,0.0,0.0
10.121178,21.72,0.0,3.12,88.06,0.0,0.09,6.15,0.83,1.01,0.0,0.0,0.18,0.0,0.0,0.55,0.0,0.0,0.0,0.0,0.0,0.0,0.0,0.0,0.0,0.0
10.121178,21.72,0.73,3.49,46.01,0.0,0.0,15.34,6.34,0.0,0.0,4.41,0.18,0.0,0.0,2.48,0.0,16.53,0.73,3.76,0.0,0.0,0.0,0.0,0.0,0.0
10.121178,21.72,0.0,0.37,0.0,0.0,0.0,47.75,0.0,1.1,0.0,0.0,0.0,0.0,0.0,2.39,0.0,48.39,0.0,0.0,0.0,0.0,0.0,0.0,0.0,0.0
10.121178,21.72,0.0,22.59,13.22,13.13,0.0,17.17,0.0,0.0,0.64,0.0,5.79,0.0,16.71,0.18,0.0,10.56,0.0,0.0,0.0,0.0,0.0,0.0,0.0,0.0
10.121178,21.72,0.0,31.31,56.11,1.47,0.0,7.71,0.0,1.1,0.0,0.0,0.0,0.0,0.0,1.84,0.0,0.0,0.46,0.0,0.0,0.0,0.0,0.0,0.0,0.0
10.121178,21.72,0.0,51.06,22.41,11.2,0.0,0.0,0.0,0.0,3.86,0.0,0.0,0.0,0.0,0.0,0.0,0.0,1.74,0.0,0.0,0.0,9.73,0.0,0.0,0.0
10.121178,21.72,0.0,48.21,43.43,0.0,0.0,0.0,0.0,0.0,0.0,0.0,0.0,0.0,0.0,0.0,0.0,0.0,0.0,0.0,0.0,0.0,3.58,4.78,0.0,0.0
8.93327,21.72,0.0,7.99,77.23,11.2,0.73,0.18,0.0,0.0,0.0,0.0,0.0,0.0,0.0,0.0,0.0,0.0,0.0,0.0,0.0,0.0,2.66,0.0,0.0,0.0
7.821057,21.72,1.19,6.24,19.01,13.68,1.65,27.18,0.92,0.0,0.37,0.0,0.92,0.0,0.0,1.1,0.0,0.0,1.01,0.0,0.0,0.0,26.72,0.0,0.0,0.0
7.821057,21.72,0.46,0.0,18.09,8.82,0.0,22.5,2.02,0.73,0.18,0.0,0.0,0.0,0.0,1.38,0.0,0.0,0.0,0.0,0.0,0.0,45.82,0.0,0.0,0.0
7.821057,21.72,0.83,1.1,35.26,11.57,0.0,21.3,3.31,0.0,0.0,0.0,0.28,0.0,0.0,1.74,0.0,0.0,0.0,0.0,0.0,0.0,24.61,0.0,0.0,0.0
7.821057,21.72,2.66,2.48,5.79,0.0,0.0,79.89,1.29,1.38,0.0,0.0,3.21,1.74,0.0,1.56,0.0,0.0,0.0,0.0,0.0,0.0,0.0,0.0,0.0,0.0
7.821057,21.72,0.0,0.0,0.92,50.69,0.0,48.39,0.0,0.0,0.0,0.0,0.0,0.0,0.0,0.0,0.0,0.0,0.0,0.0,0.0,0.0,0.0,0.0,0.0,0.0
7.821057,21.72,0.0,0.0,0.92,97.7,0.0,0.64,0.0,0.0,0.64,0.0,0.0,0.0,0.0,0.0,0.0,0.0,0.0,0.0,0.09,0.0,0.0,0.0,0.0,0.0
7.821057,21.72,0.0,0.0,8.54,83.2,0.0,0.0,0.0,0.0,0.09,0.0,0.0,0.0,0.0,0.0,0.0,0.64,1.29,0.0,6.24,0.0,0.0,0.0,0.0,0.0
7.821057,21.72,0.0,0.0,4.96,16.44,0.0,0.0,0.0,0.0,0.0,0.0,0.0,0.0,0.0,0.0,0.0,78.6,0.0,0.0,0.0,0.0,0.0,0.0,0.0,0.0
7.821057,21.72,0.0,1.19,3.21,0.0,0.0,0.0,0.0,0.0,0.0,0.0,0.0,0.0,0.0,0.0,0.0,95.59,0.0,0.0,0.0,0.0,0.0,0.0,0.0,0.0
7.821057,21.72,0.0,0.0,14.6,0.0,0.0,0.0,0.0,0.0,0.92,0.0,0.0,0.0,0.0,0.0,0.18,74.38,0.0,0.64,0.0,9.27,0.0,0.0,0.0,0.0
7.398912,21.72,0.0,35.17,45.64,0.0,0.0,0.0,0.0,0.0,0.92,0.0,0.0,0.83,0.0,0.0,0.37,7.35,0.0,9.73,0.0,0.0,0.0,0.0,0.0,0.0
6.269406,21.72,0.0,40.22,59.78,0.0,0.0,0.0,0.0,0.0,0.0,0.0,0.0,0.0,0.0,0.0,0.0,0.0,0.0,0.0,0.0,0.0,0.0,0.0,0.0,0.0
6.269406,21.72,0.0,50.41,46.74,0.0,0.0,0.18,0.0,0.0,1.29,0.0,0.0,0.0,0.0,1.38,0.0,0.0,0.0,0.0,0.0,0.0,0.0,0.0,0.0,0.0
9.640212,21.467,0.0,45.0,16.35,0.0,0.0,23.05,7.07,0.0,0.0,0.0,4.22,1.1,2.66,0.55,0.0,0.0,0.0,0.0,0.0,0.0,0.0,0.0,0.0,0.0
9.640212,21.581,0.0,9.27,0.0,0.37,0.0,76.77,0.0,0.0,0.18,0.0,3.12,0.73,0.0,0.0,9.55,0.0,0.0,0.0,0.0,0.0,0.0,0.0,0.0,0.0
9.640212,21.72,0.0,24.61,0.0,0.83,2.85,67.49,0.0,0.0,0.83,0.0,0.0,0.46,1.74,0.0,1.19,0.0,0.0,0.0,0.0,0.0,0.0,0.0,0.0,0.0
10.480508,21.72,0.0,30.39,46.92,0.0,19.19,0.73,0.0,0.0,1.29,0.0,0.0,0.0,0.0,0.0,1.47,0.0,0.0,0.0,0.0,0.0,0.0,0.0,0.0,0.0
10.744633,21.72,0.0,7.99,2.66,67.22,19.83,0.0,0.0,0.0,2.3,0.0,0.0,0.0,0.0,0.0,0.0,0.0,0.0,0.0,0.0,0.0,0.0,0.0,0.0,0.0
10.744633,21.72,0.0,22.77,0.0,41.32,7.35,12.21,0.0,0.0,0.28,0.0,0.0,5.97,2.3,0.0,0.0,0.0,0.0,0.0,0.0,0.0,0.0,7.81,0.0,0.0
10.744633,21.72,0.0,20.11,0.0,0.83,9.18,37.56,0.0,0.0,2.48,0.0,0.0,11.02,17.63,0.73,0.0,0.0,0.0,0.46,0.0,0.0,0.0,0.0,0.0,0.0
10.744633,21.72,0.0,4.04,12.12,0.0,22.96,25.07,1.74,0.46,1.01,6.61,1.84,16.16,7.16,0.0,0.0,0.0,0.0,0.83,0.0,0.0,0.0,0.0,0.0,0.0
10.744633,21.72,2.3,0.37,40.31,0.0,21.03,18.27,2.48,1.56,0.0,0.92,2.39,7.44,0.18,2.75,0.0,0.0,0.0,0.0,0.0,0.0,0.0,0.0,0.0,0.0
10.744633,21.72,3.86,0.64,38.84,0.0,1.56,46.74,0.92,0.37,0.0,0.0,0.83,0.0,0.0,6.24,0.0,0.0,0.0,0.0,0.0,0.0,0.0,0.0,0.0,0.0
10.744633,21.72,0.0,13.13,21.49,17.45,6.24,34.71,0.0,0.0,1.56,0.0,0.0,3.95,0.0,0.83,0.0,0.0,0.64,0.0,0.0,0.0,0.0,0.0,0.0,0.0
10.744633,21.72,0.0,27.0,44.81,2.48,0.0,8.08,0.0,0.0,0.28,0.0,0.0,11.39,5.97,0.0,0.0,0.0,0.0,0.0,0.0,0.0,0.0,0.0,0.0,0.0
10.744633,21.72,0.0,17.26,10.1,0.0,0.0,0.0,0.0,0.0,4.59,0.0,0.0,0.0,0.0,0.0,0.0,0.0,0.0,0.0,0.0,0.0,68.04,0.0,0.0,0.0
10.744633,21.72,0.0,0.0,4.41,0.0,0.0,4.5,0.0,0.0,0.0,0.0,0.0,0.0,0.0,0.0,0.0,0.0,0.0,0.0,0.0,0.0,91.09,0.0,0.0,0.0
9.800026,21.72,0.0,2.48,3.12,0.0,0.0,18.09,0.0,0.0,0.09,0.0,17.54,0.0,0.0,0.0,0.0,0.0,0.0,0.0,0.0,0.0,58.68,0.0,0.0,0.0
8.915612,21.72,0.0,0.0,8.82,0.0,0.0,48.76,0.0,0.0,0.92,5.33,8.45,0.0,0.0,7.07,0.0,0.0,0.0,0.0,0.0,0.0,20.66,0.0,0.0,0.0
8.915612,21.72,0.37,7.16,43.71,9.27,4.96,12.4,1.93,0.0,0.0,0.0,0.09,1.19,0.0,18.64,0.0,0.0,0.0,0.0,0.0,0.0,0.28,0.0,0.0,0.0
8.915612,21.72,0.55,0.64,36.46,0.0,5.23,40.4,4.78,0.0,0.0,0.0,1.01,7.81,0.0,3.12,0.0,0.0,0.0,0.0,0.0,0.0,0.0,0.0,0.0,0.0
8.915612,21.72,0.0,4.5,0.0,0.0,2.85,92.38,0.09,0.0,0.0,0.0,0.18,0.0,0.0,0.0,0.0,0.0,0.0,0.0,0.0,0.0,0.0,0.0,0.0,0.0
8.915612,21.72,0.0,0.64,0.0,43.71,3.49,38.66,0.0,0.55,0.09,0.0,0.0,7.07,5.79,0.0,0.0,0.0,0.0,0.0,0.0,0.0,0.0,0.0,0.0,0.0
8.915612,21.72,0.0,0.0,0.0,89.26,0.0,0.0,0.0,0.0,0.0,4.41,0.0,0.0,0.0,0.0,0.0,0.0,0.0,0.0,6.34,0.0,0.0,0.0,0.0,0.0
8.915612,21.72,0.73,0.0,1.47,61.25,0.0,0.0,3.76,5.05,2.57,3.49,0.0,0.0,0.0,6.06,0.0,12.21,3.4,0.0,0.0,0.0,0.0,0.0,0.0,0.0
8.915612,21.72,0.0,1.19,0.0,5.42,0.0,17.81,0.64,1.74,0.09,2.3,1.1,0.0,0.0,2.48,0.0,67.22,0.0,0.0,0.0,0.0,0.0,0.0,0.0,0.0
8.915612,21.72,0.0,28.1,19.83,9.64,0.0,7.71,4.32,0.0,0.0,0.0,0.0,1.1,0.0,5.79,0.0,19.01,0.0,0.0,0.0,4.5,0.0,0.0,0.0,0.0
8.915612,21.72,0.0,1.1,19.19,8.17,0.0,11.11,0.55,0.0,0.37,0.0,0.0,0.0,0.0,0.0,0.0,1.1,0.28,0.0,0.0,58.13,0.0,0.0,0.0,0.0
8.339331,21.72,0.0,29.66,4.59,0.0,0.0,55.0,0.0,0.0,1.19,0.0,0.0,5.14,0.0,0.0,0.18,0.0,0.0,0.0,0.0,4.22,0.0,0.0,0.0,0.0
6.797411,21.72,0.0,58.03,23.32,0.0,0.0,15.52,0.0,0.0,1.19,0.0,0.0,1.84,0.0,0.0,0.09,0.0,0.0,0.0,0.0,0.0,0.0,0.0,0.0,0.0
6.797411,21.72,0.0,55.65,34.53,3.49,0.0,3.31,0.0,0.0,0.55,0.0,2.48,0.0,0.0,0.0,0.0,0.0,0.0,0.0,0.0,0.0,0.0,0.0,0.0,0.0
10.827096,21.467,0.0,34.44,59.5,0.0,0.0,6.06,0.0,0.0,0.0,0.0,0.0,0.0,0.0,0.0,0.0,0.0,0.0,0.0,0.0,0.0,0.0,0.0,0.0,0.0
10.827096,21.581,0.0,48.48,34.8,5.42,0.0,7.07,0.0,0.0,0.64,0.0,0.0,3.03,0.0,0.0,0.55,0.0,0.0,0.0,0.0,0.0,0.0,0.0,0.0,0.0
10.827096,21.72,0.0,26.81,38.02,0.0,0.0,5.51,0.0,0.0,0.0,0.0,0.0,2.57,0.0,0.0,8.45,0.0,0.37,18.27,0.0,0.0,0.0,0.0,0.0,0.0
11.770471,21.72,0.0,56.66,0.0,0.0,0.0,9.18,0.0,0.0,0.18,0.0,0.0,0.0,1.56,2.2,0.83,0.0,0.18,29.2,0.0,0.0,0.0,0.0,0.0,0.0
12.066994,21.72,0.0,25.07,0.0,74.29,0.0,0.46,0.0,0.0,0.18,0.0,0.0,0.0,0.0,0.0,0.0,0.0,0.0,0.0,0.0,0.0,0.0,0.0,0.0,0.0
12.066994,21.72,0.0,14.05,0.0,37.37,0.0,45.45,0.0,0.0,2.2,0.0,0.37,0.55,0.0,0.0,0.0,0.0,0.0,0.0,0.0,0.0,0.0,0.0,0.0,0.0
12.066994,21.72,0.0,8.63,0.0,0.0,0.0,82.55,0.0,0.0,0.28,0.0,0.0,0.0,0.0,0.0,0.0,0.0,0.0,8.54,0.0,0.0,0.0,0.0,0.0,0.0
12.066994,21.72,0.0,0.0,0.0,0.0,0.0,86.78,0.0,0.0,0.09,1.1,0.0,0.37,2.02,0.73,0.0,0.0,0.0,8.91,0.0,0.0,0.0,0.0,0.0,0.0
12.066994,21.72,0.0,0.0,3.31,0.0,39.85,33.24,3.67,1.01,0.09,0.0,0.0,7.44,2.48,8.91,0.0,0.0,0.0,0.0,0.0,0.0,0.0,0.0,0.0,0.0
12.066994,21.72,0.0,2.3,1.74,7.9,40.59,21.49,0.0,0.0,0.0,0.0,2.2,16.53,1.38,5.88,0.0,0.0,0.0,0.0,0.0,0.0,0.0,0.0,0.0,0.0
12.066994,21.72,0.0,15.34,10.1,0.18,21.49,26.63,0.0,0.64,0.09,0.0,3.12,15.06,0.0,7.35,0.0,0.0,0.0,0.0,0.0,0.0,0.0,0.0,0.0,0.0
12.066994,21.72,0.0,4.13,6.24,4.5,11.94,67.86,0.0,0.0,0.28,0.0,0.0,4.5,0.55,0.0,0.0,0.0,0.0,0.0,0.0,0.0,0.0,0.0,0.0,0.0
12.066994,21.72,0.0,9.37,3.76,0.0,0.0,39.21,0.0,0.0,1.74,0.0,0.0,0.0,0.0,0.0,0.0,0.0,0.0,0.0,0.0,0.0,45.91,0.0,0.0,0.0
12.066994,21.72,0.0,23.42,0.0,2.2,0.0,8.26,0.0,0.0,0.46,0.0,0.0,0.0,0.0,0.0,0.0,0.0,0.0,0.0,0.0,0.0,65.66,0.0,0.0,0.0
11.638435,21.72,0.0,28.74,3.03,27.27,0.0,31.31,0.0,0.0,0.28,0.0,5.69,1.01,0.0,0.0,0.0,0.0,2.39,0.0,0.0,0.0,0.28,0.0,0.0,0.0
11.237186,21.72,0.0,22.41,20.84,23.6,3.31,24.89,0.0,0.0,0.46,0.0,2.94,0.0,0.0,0.0,0.0,0.0,1.56,0.0,0.0,0.0,0.0,0.0,0.0,0.0
11.237186,21.72,2.75,17.08,45.09,15.06,7.62,10.38,0.0,0.0,0.0,0.0,2.02,0.0,0.0,0.0,0.0,0.0,0.0,0.0,0.0,0.0,0.0,0.0,0.0,0.0
11.237186,21.72,0.0,47.11,18.27,0.0,3.4,25.71,1.56,0.28,0.0,0.0,3.21,0.0,0.0,0.0,0.0,0.0,0.46,0.0,0.0,0.0,0.0,0.0,0.0,0.0
11.237186,21.72,0.0,10.28,16.16,11.75,16.44,34.8,0.0,1.19,0.55,0.0,2.11,0.0,0.0,6.34,0.0,0.0,0.37,0.0,0.0,0.0,0.0,0.0,0.0,0.0
11.237186,21.72,0.0,0.0,7.99,37.74,1.84,37.74,8.08,1.38,0.46,2.02,0.0,1.74,1.01,0.0,0.0,0.0,0.0,0.0,0.0,0.0,0.0,0.0,0.0,0.0
11.237186,21.72,1.01,0.0,4.78,77.59,0.0,4.87,0.0,1.38,0.64,3.21,0.0,0.0,0.0,0.0,0.0,0.09,0.0,0.0,6.43,0.0,0.0,0.0,0.0,0.0
11.237186,21.72,5.33,1.1,2.48,18.0,0.0,46.83,3.21,3.67,0.28,4.96,1.29,4.87,0.0,7.99,0.0,0.0,0.0,0.0,0.0,0.0,0.0,0.0,0.0,0.0
11.237186,21.72,2.48,7.25,0.92,0.0,0.0,85.03,0.0,0.46,0.0,0.46,0.55,0.64,0.0,2.2,0.0,0.0,0.0,0.0,0.0,0.0,0.0,0.0,0.0,0.0
11.237186,21.72,0.0,16.99,5.14,0.28,0.0,76.86,0.0,0.0,0.0,0.0,0.37,0.37,0.0,0.0,0.0,0.0,0.0,0.0,0.0,0.0,0.0,0.0,0.0,0.0
11.237186,21.72,0.0,9.37,1.19,6.7,0.0,80.9,0.0,0.0,0.28,0.0,0.0,1.1,0.0,0.0,0.0,0.0,0.46,0.0,0.0,0.0,0.0,0.0,0.0,0.0
10.333979,21.72,0.0,43.34,0.09,0.0,0.0,43.99,0.0,0.0,0.0,0.0,12.58,0.0,0.0,0.0,0.0,0.0,0.0,0.0,0.0,0.0,0.0,0.0,0.0,0.0
7.917323,21.72,0.0,60.79,13.77,4.59,0.0,15.06,0.0,0.0,1.1,0.0,4.13,0.0,0.0,0.0,0.55,0.0,0.0,0.0,0.0,0.0,0.0,0.0,0.0,0.0
7.917323,21.72,0.0,15.24,79.61,3.58,0.0,0.0,0.0,0.0,0.18,0.92,0.0,0.0,0.0,0.0,0.18,0.28,0.0,0.0,0.0,0.0,0.0,0.0,0.0,0.0
10.827096,21.467,0.0,29.02,63.82,4.96,0.0,0.0,0.0,0.0,2.2,0.0,0.0,0.0,0.0,0.0,0.0,0.0,0.0,0.0,0.0,0.0,0.0,0.0,0.0,0.0
10.827096,21.581,0.0,43.99,24.24,27.46,0.0,0.0,0.0,0.0,3.31,0.0,0.0,0.0,0.0,0.0,1.01,0.0,0.0,0.0,0.0,0.0,0.0,0.0,0.0,0.0
10.827096,21.72,0.0,0.55,39.76,50.23,0.0,0.0,0.0,0.0,0.0,0.0,0.0,0.0,0.0,0.0,8.45,0.0,1.01,0.0,0.0,0.0,0.0,0.0,0.0,0.0
11.770471,21.72,0.0,7.25,17.91,20.94,0.0,5.79,0.0,0.0,1.74,0.0,1.29,0.0,0.18,1.1,38.66,0.0,0.0,5.14,0.0,0.0,0.0,0.0,0.0,0.0
12.066994,21.72,0.0,10.1,0.0,13.13,0.0,46.28,0.0,0.0,7.44,0.0,0.0,0.0,0.0,0.0,21.76,0.0,0.0,1.29,0.0,0.0,0.0,0.0,0.0,0.0
12.066994,21.72,0.0,12.4,0.0,8.45,0.0,73.0,0.0,0.0,2.3,0.0,1.38,2.48,0.0,0.0,0.0,0.0,0.0,0.0,0.0,0.0,0.0,0.0,0.0,0.0
12.066994,21.72,0.0,8.82,0.0,0.0,0.0,83.1,0.0,0.0,0.0,0.0,0.0,8.08,0.0,0.0,0.0,0.0,0.0,0.0,0.0,0.0,0.0,0.0,0.0,0.0
12.066994,21.72,0.0,5.51,0.0,0.0,0.0,73.37,0.0,0.0,0.37,0.0,0.0,20.75,0.0,0.0,0.0,0.0,0.0,0.0,0.0,0.0,0.0,0.0,0.0,0.0
12.066994,21.72,0.0,2.75,0.0,0.0,0.0,94.21,0.0,0.0,0.09,0.0,0.0,1.01,1.93,0.0,0.0,0.0,0.0,0.0,0.0,0.0,0.0,0.0,0.0,0.0
12.066994,21.72,0.0,32.97,0.0,0.0,0.0,50.87,0.0,0.0,0.37,0.0,15.79,0.0,0.0,0.0,0.0,0.0,0.0,0.0,0.0,0.0,0.0,0.0,0.0,0.0
12.066994,21.72,0.0,60.24,0.0,0.18,2.85,4.59,0.0,0.0,0.83,0.0,17.91,5.51,7.9,0.0,0.0,0.0,0.0,0.0,0.0,0.0,0.0,0.0,0.0,0.0
12.066994,21.72,0.0,20.57,0.0,17.08,32.51,6.15,0.0,0.0,0.18,0.0,0.0,11.2,0.55,9.27,2.48,0.0,0.0,0.0,0.0,0.0,0.0,0.0,0.0,0.0
12.066994,21.72,0.0,13.68,0.0,0.0,10.28,31.68,0.0,0.0,0.64,0.0,0.46,28.37,12.76,0.0,2.11,0.0,0.0,0.0,0.0,0.0,0.0,0.0,0.0,0.0
12.066994,21.72,0.0,36.36,5.05,0.0,0.0,50.78,0.0,0.0,0.0,0.0,2.48,5.23,0.0,0.0,0.09,0.0,0.0,0.0,0.0,0.0,0.0,0.0,0.0,0.0
11.638435,21.72,0.0,12.67,18.73,22.41,0.09,39.58,0.0,0.0,0.18,0.0,0.37,1.93,0.0,1.74,0.92,0.0,1.38,0.0,0.0,0.0,0.0,0.0,0.0,0.0
11.237186,21.72,0.0,40.59,20.66,18.27,3.49,8.54,0.0,0.0,1.29,5.79,1.1,0.0,0.0,0.0,0.28,0.0,0.0,0.0,0.0,0.0,0.0,0.0,0.0,0.0
11.237186,21.72,0.0,60.7,0.73,18.27,0.0,4.96,0.0,0.0,0.83,0.0,12.67,0.0,0.0,0.0,0.37,0.0,0.0,0.0,0.0,0.0,0.0,1.47,0.0,0.0
11.237186,21.72,0.0,48.21,19.38,20.48,0.0,0.0,0.0,0.73,0.0,8.17,2.48,0.0,0.0,0.0,0.55,0.0,0.0,0.0,0.0,0.0,0.0,0.0,0.0,0.0
11.237186,21.72,0.0,0.0,32.05,59.6,6.52,0.0,0.0,1.01,0.0,0.0,0.0,0.0,0.0,0.0,0.0,0.0,0.83,0.0,0.0,0.0,0.0,0.0,0.0,0.0
11.237186,21.72,0.0,1.1,0.09,75.3,7.16,3.95,0.0,0.0,0.0,11.75,0.0,0.0,0.0,0.0,0.0,0.0,0.64,0.0,0.0,0.0,0.0,0.0,0.0,0.0
11.237186,21.72,2.11,0.0,1.47,33.79,0.0,1.84,0.0,0.18,0.64,3.58,0.0,0.0,0.0,3.12,0.0,53.26,0.0,0.0,0.0,0.0,0.0,0.0,0.0,0.0
11.237186,21.72,1.93,2.02,16.8,0.0,0.0,42.52,0.0,1.38,0.09,0.64,0.0,1.84,0.0,4.96,0.0,27.82,0.0,0.0,0.0,0.0,0.0,0.0,0.0,0.0
11.237186,21.72,0.0,7.53,0.0,0.0,0.0,86.87,0.0,0.0,0.09,0.0,0.0,0.09,4.22,1.19,0.0,0.0,0.0,0.0,0.0,0.0,0.0,0.0,0.0,0.0
11.237186,21.72,0.0,5.88,0.0,0.0,0.0,94.12,0.0,0.0,0.0,0.0,0.0,0.0,0.0,0.0,0.0,0.0,0.0,0.0,0.0,0.0,0.0,0.0,0.0,0.0
11.237186,21.72,0.0,41.6,6.61,23.23,0.0,28.56,0.0,0.0,0.0,0.0,0.0,0.0,0.0,0.0,0.0,0.0,0.0,0.0,0.0,0.0,0.0,0.0,0.0,0.0
10.333979,21.72,0.0,33.88,42.7,14.6,0.0,3.76,1.38,0.0,0.0,3.67,0.0,0.0,0.0,0.0,0.0,0.0,0.0,0.0,0.0,0.0,0.0,0.0,0.0,0.0
7.917323,21.72,0.0,6.06,24.61,67.49,0.0,1.84,0.0,0.0,0.0,0.0,0.0,0.0,0.0,0.0,0.0,0.0,0.0,0.0,0.0,0.0,0.0,0.0,0.0,0.0
7.917323,21.72,0.0,17.26,4.22,33.33,0.0,0.0,0.0,0.0,1.29,3.86,0.0,0.0,0.0,0.0,3.76,32.97,3.31,0.0,0.0,0.0,0.0,0.0,0.0,0.0
10.827096,21.467,0.0,38.84,24.98,32.78,0.0,0.0,0.0,0.0,3.4,0.0,0.0,0.0,0.0,0.0,0.0,0.0,0.0,0.0,0.0,0.0,0.0,0.0,0.0,0.0
10.827096,21.581,0.0,13.04,0.0,74.75,0.0,0.0,0.0,0.0,1.29,0.0,0.0,0.0,0.0,0.0,0.0,0.0,0.0,0.0,0.0,0.0,0.0,10.93,0.0,0.0
10.827096,21.72,0.0,1.19,52.53,36.36,0.0,0.0,0.0,0.0,0.0,0.0,0.0,0.0,0.0,0.0,9.37,0.0,0.46,0.0,0.0,0.0,0.0,0.09,0.0,0.0
11.770471,21.72,0.0,28.65,39.49,15.34,0.0,0.0,0.0,0.0,0.0,0.0,0.0,0.0,0.0,0.0,15.7,0.0,0.83,0.0,0.0,0.0,0.0,0.0,0.0,0.0
12.066994,21.72,0.0,5.42,14.88,18.27,0.0,9.55,0.37,0.0,1.19,0.0,0.0,0.0,0.0,1.65,40.04,0.0,0.0,8.63,0.0,0.0,0.0,0.0,0.0,0.0
12.066994,21.72,0.0,2.2,1.74,0.0,0.0,55.92,3.58,0.0,0.55,0.0,2.2,0.55,0.0,0.0,11.2,0.0,0.0,22.04,0.0,0.0,0.0,0.0,0.0,0.0
12.066994,21.72,0.0,2.48,0.0,0.0,0.0,97.52,0.0,0.0,0.0,0.0,0.0,0.0,0.0,0.0,0.0,0.0,0.0,0.0,0.0,0.0,0.0,0.0,0.0,0.0
12.066994,21.72,0.0,12.49,0.0,0.0,0.0,76.31,0.0,0.0,0.09,0.0,11.11,0.0,0.0,0.0,0.0,0.0,0.0,0.0,0.0,0.0,0.0,0.0,0.0,0.0
12.066994,21.72,0.0,38.48,0.0,0.0,0.0,59.5,0.0,0.0,0.09,0.0,1.65,0.0,0.28,0.0,0.0,0.0,0.0,0.0,0.0,0.0,0.0,0.0,0.0,0.0
12.066994,21.72,0.0,23.6,0.0,0.0,0.0,60.88,0.0,0.0,1.93,0.0,4.78,2.11,5.97,0.0,0.73,0.0,0.0,0.0,0.0,0.0,0.0,0.0,0.0,0.0
12.066994,21.72,0.0,68.96,0.0,0.0,0.0,3.49,0.0,0.0,2.75,0.0,2.39,16.71,5.42,0.0,0.28,0.0,0.0,0.0,0.0,0.0,0.0,0.0,0.0,0.0
12.066994,21.72,0.0,43.16,0.0,0.0,10.19,0.0,0.0,0.0,0.18,0.0,0.0,42.06,0.46,1.47,2.48,0.0,0.0,0.0,0.0,0.0,0.0,0.0,0.0,0.0
12.066994,21.72,0.0,1.29,0.0,0.0,17.45,6.98,0.0,0.0,0.09,0.0,0.0,50.51,23.69,0.0,0.0,0.0,0.0,0.0,0.0,0.0,0.0,0.0,0.0,0.0
12.066994,21.72,0.0,0.37,0.0,0.0,0.0,94.49,1.65,0.0,0.09,0.0,0.0,3.31,0.09,0.0,0.0,0.0,0.0,0.0,0.0,0.0,0.0,0.0,0.0,0.0
11.638435,21.72,0.0,31.96,2.3,0.0,0.0,59.04,0.0,0.0,0.0,0.0,3.31,2.85,0.0,0.55,0.0,0.0,0.0,0.0,0.0,0.0,0.0,0.0,0.0,0.0
11.237186,21.72,0.0,87.79,6.24,0.0,0.0,0.0,0.0,0.0,0.0,0.0,5.88,0.09,0.0,0.0,0.0,0.0,0.0,0.0,0.0,0.0,0.0,0.0,0.0,0.0
11.237186,21.72,0.0,95.96,0.0,0.0,0.0,0.0,0.0,0.0,0.0,0.0,4.04,0.0,0.0,0.0,0.0,0.0,0.0,0.0,0.0,0.0,0.0,0.0,0.0,0.0
11.237186,21.72,0.0,38.11,0.0,0.0,0.0,0.0,0.0,0.0,0.0,53.9,0.0,0.0,0.0,0.0,0.0,0.0,0.0,0.0,0.0,7.99,0.0,0.0,0.0,0.0
11.237186,21.72,0.0,0.0,16.16,0.0,6.06,7.71,0.0,0.0,0.0,60.24,0.0,0.0,0.0,0.46,0.55,0.0,0.0,0.0,0.0,8.82,0.0,0.0,0.0,0.0
11.237186,21.72,0.92,0.0,6.34,4.5,0.0,78.24,0.0,0.0,0.09,3.4,0.0,6.15,0.0,0.0,0.37,0.0,0.0,0.0,0.0,0.0,0.0,0.0,0.0,0.0
11.237186,21.72,0.0,12.67,0.0,0.0,0.0,49.04,0.0,0.0,0.0,0.0,0.0,13.41,0.0,0.0,0.37,24.52,0.0,0.0,0.0,0.0,0.0,0.0,0.0,0.0
11.237186,21.72,0.0,31.5,0.0,0.0,0.0,33.52,0.0,0.0,0.0,0.0,0.0,0.0,0.0,0.0,0.37,27.64,0.0,6.98,0.0,0.0,0.0,0.0,0.0,0.0
11.237186,21.72,0.0,40.96,0.0,0.0,0.0,46.83,2.11,0.0,0.18,0.0,1.74,7.71,0.0,0.0,0.46,0.0,0.0,0.0,0.0,0.0,0.0,0.0,0.0,0.0
11.237186,21.72,0.0,11.39,0.0,0.0,0.0,87.14,0.0,0.0,0.0,0.0,0.0,0.0,0.0,0.0,1.47,0.0,0.0,0.0,0.0,0.0,0.0,0.0,0.0,0.0
11.237186,21.72,0.0,0.09,26.45,22.68,0.0,50.69,0.0,0.0,0.0,0.0,0.0,0.0,0.0,0.0,0.09,0.0,0.0,0.0,0.0,0.0,0.0,0.0,0.0,0.0
10.333979,21.72,0.0,4.32,25.44,66.76,0.0,0.0,0.0,0.0,0.0,3.49,0.0,0.0,0.0,0.0,0.0,0.0,0.0,0.0,0.0,0.0,0.0,0.0,0.0,0.0
7.917323,21.72,0.0,0.0,6.61,93.39,0.0,0.0,0.0,0.0,0.0,0.0,0.0,0.0,0.0,0.0,0.0,0.0,0.0,0.0,0.0,0.0,0.0,0.0,0.0,0.0
7.917323,21.72,0.0,0.0,3.03,27.64,0.0,0.0,0.0,0.0,0.0,0.0,0.0,0.0,0.0,0.0,0.64,68.69,0.0,0.0,0.0,0.0,0.0,0.0,0.0,0.0
10.827096,21.467,0.0,25.44,10.47,32.87,0.0,2.3,0.0,0.0,1.29,0.0,0.0,0.0,0.0,16.53,0.0,0.0,0.0,0.0,0.0,0.0,0.0,11.11,0.0,0.0
10.827096,21.581,0.0,4.68,22.22,10.65,5.14,0.37,0.0,0.0,0.0,0.0,1.29,0.0,0.0,3.58,0.55,0.0,2.02,0.0,0.0,0.0,0.0,49.49,0.0,0.0
10.827096,21.72,0.0,0.37,83.38,4.5,11.29,0.0,0.0,0.0,0.0,0.0,0.0,0.0,0.0,0.0,0.18,0.0,0.0,0.0,0.0,0.0,0.0,0.28,0.0,0.0
11.770471,21.72,4.78,6.43,18.37,14.78,0.0,31.5,0.92,0.0,0.18,0.0,2.57,15.34,0.0,4.87,0.28,0.0,0.0,0.0,0.0,0.0,0.0,0.0,0.0,0.0
12.066994,21.72,0.0,33.43,27.55,0.0,0.0,22.22,0.09,0.64,0.09,0.0,9.27,0.0,0.0,2.75,3.95,0.0,0.0,0.0,0.0,0.0,0.0,0.0,0.0,0.0
12.066994,21.72,0.0,24.52,10.84,4.22,0.0,36.0,0.0,0.0,0.46,0.0,5.23,0.55,0.0,4.5,9.55,0.0,0.28,3.86,0.0,0.0,0.0,0.0,0.0,0.0
12.066994,21.72,0.0,2.57,0.0,0.28,0.0,36.91,0.0,0.0,0.46,0.0,3.49,8.36,0.0,0.0,18.92,0.0,2.66,26.35,0.0,0.0,0.0,0.0,0.0,0.0
12.066994,21.72,0.0,6.61,0.0,0.0,0.0,87.88,0.0,0.0,1.1,0.0,0.0,0.0,0.0,0.0,3.49,0.0,0.0,0.92,0.0,0.0,0.0,0.0,0.0,0.0
12.066994,21.72,0.0,42.98,0.0,0.0,0.0,48.48,0.0,0.0,0.64,0.0,3.58,0.0,0.0,0.0,4.32,0.0,0.0,0.0,0.0,0.0,0.0,0.0,0.0,0.0
12.066994,21.72,0.0,57.48,0.0,0.0,0.0,13.77,0.0,0.0,0.0,10.1,12.67,4.13,1.84,0.0,0.0,0.0,0.0,0.0,0.0,0.0,0.0,0.0,0.0,0.0
12.066994,21.72,0.0,87.05,0.0,0.0,0.0,6.06,0.0,0.0,0.0,0.0,6.89,0.0,0.0,0.0,0.0,0.0,0.0,0.0,0.0,0.0,0.0,0.0,0.0,0.0
12.066994,21.72,0.0,46.56,0.0,0.0,9.09,0.0,0.0,0.0,2.85,0.0,0.0,25.9,15.61,0.0,0.0,0.0,0.0,0.0,0.0,0.0,0.0,0.0,0.0,0.0
12.066994,21.72,0.0,1.29,0.0,0.0,65.66,0.0,0.0,0.0,0.0,0.0,0.0,14.33,18.73,0.0,0.0,0.0,0.0,0.0,0.0,0.0,0.0,0.0,0.0,0.0
12.066994,21.72,0.0,16.71,0.0,0.0,26.54,23.78,0.28,0.0,0.37,0.0,0.0,28.93,3.31,0.09,0.0,0.0,0.0,0.0,0.0,0.0,0.0,0.0,0.0,0.0
11.638435,21.72,0.0,23.32,0.0,0.0,20.02,17.63,3.49,0.0,0.28,0.0,0.0,18.73,14.33,2.2,0.0,0.0,0.0,0.0,0.0,0.0,0.0,0.0,0.0,0.0
11.237186,21.72,0.0,34.53,4.5,0.0,9.92,20.29,0.0,0.0,0.83,0.0,2.3,11.57,11.48,3.76,0.0,0.0,0.0,0.83,0.0,0.0,0.0,0.0,0.0,0.0
11.237186,21.72,0.0,18.27,42.33,1.29,10.56,2.39,0.0,0.0,0.0,8.17,0.0,0.0,0.92,0.55,0.0,8.54,2.02,4.96,0.0,0.0,0.0,0.0,0.0,0.0
11.237186,21.72,0.0,6.24,11.39,15.34,11.94,26.63,0.0,0.0,1.84,3.95,0.0,3.12,0.0,0.0,0.0,6.8,0.0,0.0,0.0,12.76,0.0,0.0,0.0,0.0
11.237186,21.72,0.0,26.08,0.73,9.0,25.44,10.47,0.0,0.0,0.64,7.71,0.18,19.19,0.0,0.0,0.0,0.0,0.0,0.0,0.0,0.55,0.0,0.0,0.0,0.0
11.237186,21.72,0.0,5.14,11.39,7.62,0.0,72.45,0.0,0.0,0.73,0.0,2.02,0.64,0.0,0.0,0.0,0.0,0.0,0.0,0.0,0.0,0.0,0.0,0.0,0.0
11.237186,21.72,0.0,13.87,0.0,0.0,0.0,86.13,0.0,0.0,0.0,0.0,0.0,0.0,0.0,0.0,0.0,0.0,0.0,0.0,0.0,0.0,0.0,0.0,0.0,0.0
11.237186,21.72,0.0,24.61,0.0,0.0,0.0,64.46,0.0,0.0,0.0,0.0,0.0,0.0,0.0,0.0,0.0,0.0,0.0,10.93,0.0,0.0,0.0,0.0,0.0,0.0
11.237186,21.72,0.0,33.15,0.0,4.13,0.0,61.43,0.0,0.0,1.29,0.0,0.0,0.0,0.0,0.0,0.0,0.0,0.0,0.0,0.0,0.0,0.0,0.0,0.0,0.0
11.237186,21.72,0.0,68.04,0.18,30.39,0.0,0.0,0.0,0.0,0.73,0.0,0.0,0.0,0.0,0.0,0.64,0.0,0.0,0.0,0.0,0.0,0.0,0.0,0.0,0.0
11.237186,21.72,0.0,21.95,4.68,66.12,0.0,6.98,0.0,0.0,0.0,0.0,0.0,0.0,0.0,0.0,0.28,0.0,0.0,0.0,0.0,0.0,0.0,0.0,0.0,0.0
10.333979,21.72,0.0,4.68,6.89,84.94,0.0,3.12,0.0,0.0,0.0,0.0,0.0,0.0,0.0,0.0,0.37,0.0,0.0,0.0,0.0,0.0,0.0,0.0,0.0,0.0
7.917323,21.72,0.0,0.92,32.51,57.39,0.0,0.0,0.0,0.0,0.0,0.0,0.0,0.0,0.0,0.0,0.55,0.0,1.19,0.0,0.0,0.0,0.0,7.44,0.0,0.0
7.917323,21.72,0.0,0.0,51.42,11.94,0.0,0.0,0.0,0.0,0.09,0.0,0.0,0.0,0.0,0.0,0.37,36.18,0.0,0.0,0.0,0.0,0.0,0.0,0.0,0.0
10.827096,21.467,0.0,0.18,25.71,21.49,0.46,5.51,0.0,0.0,0.46,0.0,0.0,0.0,0.0,10.28,0.37,0.0,0.0,11.66,0.0,0.0,0.0,22.31,1.56,0.0
10.827096,21.581,0.0,0.0,69.7,19.28,4.22,1.47,0.18,0.0,0.28,0.0,0.0,0.0,0.09,4.04,0.0,0.0,0.0,0.73,0.0,0.0,0.0,0.0,0.0,0.0
10.827096,21.72,0.0,0.0,65.29,11.94,0.0,3.49,0.0,0.0,0.09,0.0,0.0,0.0,0.0,14.42,0.0,0.0,0.0,3.76,0.0,0.0,0.0,1.01,0.0,0.0
11.770471,21.72,20.39,0.0,35.08,19.56,0.0,4.04,0.0,0.0,0.0,0.0,0.18,0.0,0.0,18.46,0.0,0.0,0.0,1.65,0.0,0.0,0.0,0.64,0.0,0.0
12.066994,21.72,0.0,4.59,20.11,0.09,0.0,55.0,1.84,0.0,0.0,1.56,9.83,1.1,0.0,5.88,0.0,0.0,0.0,0.0,0.0,0.0,0.0,0.0,0.0,0.0
12.066994,21.72,0.0,18.09,11.02,0.0,0.0,63.09,0.0,0.0,0.18,0.0,3.31,4.13,0.0,0.0,0.18,0.0,0.0,0.0,0.0,0.0,0.0,0.0,0.0,0.0
12.066994,21.72,0.0,39.12,0.0,0.0,0.0,44.9,0.0,0.0,0.0,0.0,0.0,6.98,0.0,0.0,7.99,0.0,0.0,1.01,0.0,0.0,0.0,0.0,0.0,0.0
12.066994,21.72,0.0,17.54,0.0,0.0,0.0,46.74,0.0,0.0,1.29,0.0,0.0,0.0,0.0,0.0,30.03,0.0,0.0,4.41,0.0,0.0,0.0,0.0,0.0,0.0
12.066994,21.72,0.0,26.45,0.0,0.0,0.0,53.81,0.0,0.0,0.09,0.0,0.0,0.0,0.0,0.0,19.65,0.0,0.0,0.0,0.0,0.0,0.0,0.0,0.0,0.0
12.066994,21.72,0.0,8.08,0.0,0.0,0.0,91.64,0.0,0.0,0.28,0.0,0.0,0.0,0.0,0.0,0.0,0.0,0.0,0.0,0.0,0.0,0.0,0.0,0.0,0.0
12.066994,21.72,0.0,12.95,22.68,0.0,0.0,46.56,0.37,0.0,0.46,0.0,0.0,8.17,7.62,1.19,0.0,0.0,0.0,0.0,0.0,0.0,0.0,0.0,0.0,0.0
12.066994,21.72,0.0,16.9,0.0,0.0,0.09,41.97,0.0,0.0,3.58,0.0,0.0,10.84,26.63,0.0,0.0,0.0,0.0,0.0,0.0,0.0,0.0,0.0,0.0,0.0
12.066994,21.72,0.0,10.65,0.0,0.0,2.85,2.02,0.0,0.0,1.29,0.0,0.0,78.51,0.0,4.68,0.0,0.0,0.0,0.0,0.0,0.0,0.0,0.0,0.0,0.0
12.066994,21.72,0.0,3.58,0.0,0.0,4.22,56.66,0.0,0.0,0.0,0.0,0.0,24.24,0.73,10.56,0.0,0.0,0.0,0.0,0.0,0.0,0.0,0.0,0.0,0.0
11.638435,21.72,0.0,5.23,0.0,0.0,53.08,11.48,0.0,0.0,0.09,0.0,0.0,24.89,3.4,1.84,0.0,0.0,0.0,0.0,0.0,0.0,0.0,0.0,0.0,0.0
11.237186,21.72,0.0,18.92,0.0,0.0,0.73,44.81,0.0,0.0,0.73,0.0,2.2,16.44,13.41,2.75,0.0,0.0,0.0,0.0,0.0,0.0,0.0,0.0,0.0,0.0
11.237186,21.72,0.0,15.34,0.0,2.02,28.93,21.67,0.0,0.0,0.18,0.0,0.0,0.0,30.95,0.0,0.0,0.92,0.0,0.0,0.0,0.0,0.0,0.0,0.0,0.0
11.237186,21.72,0.0,2.48,1.29,1.19,42.98,40.86,0.0,0.0,1.01,0.0,0.0,10.19,0.0,0.0,0.0,0.0,0.0,0.0,0.0,0.0,0.0,0.0,0.0,0.0
11.237186,21.72,0.0,5.6,0.0,0.0,23.6,30.76,0.0,0.0,0.64,0.0,0.0,37.83,0.0,1.56,0.0,0.0,0.0,0.0,0.0,0.0,0.0,0.0,0.0,0.0
11.237186,21.72,0.0,5.42,0.0,0.0,0.0,76.03,0.0,0.0,0.0,0.0,0.0,8.72,9.83,0.0,0.0,0.0,0.0,0.0,0.0,0.0,0.0,0.0,0.0,0.0
11.237186,21.72,0.0,23.23,0.0,0.0,0.0,75.39,0.0,0.0,0.0,0.0,1.29,0.09,0.0,0.0,0.0,0.0,0.0,0.0,0.0,0.0,0.0,0.0,0.0,0.0
11.237186,21.72,0.0,18.73,11.85,0.46,0.0,64.0,1.19,1.19,0.28,0.0,0.0,1.65,0.0,0.0,0.09,0.0,0.55,0.0,0.0,0.0,0.0,0.0,0.0,0.0
11.237186,21.72,1.1,3.76,0.0,31.68,0.0,19.38,13.77,2.39,3.31,1.19,1.93,0.0,0.0,21.4,0.09,0.0,0.0,0.0,0.0,0.0,0.0,0.0,0.0,0.0
11.237186,21.72,0.0,0.0,37.74,46.01,0.0,0.0,0.0,0.0,1.47,8.08,0.0,0.0,0.0,4.04,0.0,0.0,2.66,0.0,0.0,0.0,0.0,0.0,0.0,0.0
11.237186,21.72,0.0,0.0,39.03,60.97,0.0,0.0,0.0,0.0,0.0,0.0,0.0,0.0,0.0,0.0,0.0,0.0,0.0,0.0,0.0,0.0,0.0,0.0,0.0,0.0
10.333979,21.72,0.0,0.0,0.0,100.0,0.0,0.0,0.0,0.0,0.0,0.0,0.0,0.0,0.0,0.0,0.0,0.0,0.0,0.0,0.0,0.0,0.0,0.0,0.0,0.0
7.917323,21.72,4.59,15.61,29.75,23.97,0.0,3.58,0.0,0.0,0.55,0.0,0.0,3.76,0.0,0.0,0.0,0.0,0.0,0.0,0.0,0.0,0.0,18.18,0.0,0.0
7.917323,21.72,0.0,24.79,53.26,11.39,0.0,0.0,2.94,1.38,0.09,0.55,0.0,0.83,0.0,4.78,0.0,0.0,0.0,0.0,0.0,0.0,0.0,0.0,0.0,0.0
10.827096,21.467,0.0,11.02,7.07,3.58,2.85,42.98,0.0,0.0,1.38,0.0,0.0,1.47,13.04,10.56,1.38,0.0,0.0,0.0,0.0,0.0,0.0,0.0,4.68,0.0
10.827096,21.581,1.38,1.74,2.57,3.12,4.13,25.44,1.65,0.0,0.0,0.0,0.0,6.15,6.06,0.0,0.0,0.0,0.0,47.75,0.0,0.0,0.0,0.0,0.0,0.0
10.827096,21.72,0.0,0.0,30.67,17.36,9.37,0.83,0.0,0.0,0.0,0.0,0.0,0.0,0.73,0.0,0.0,0.0,0.83,32.05,0.0,0.0,0.0,0.28,7.9,0.0
11.770471,21.72,0.0,0.0,23.78,63.36,5.79,0.0,0.0,0.0,0.0,0.09,0.0,0.0,0.0,0.0,0.0,0.0,0.0,4.96,0.0,0.0,0.0,0.0,2.02,0.0
12.066994,21.72,0.0,1.38,57.48,31.86,0.0,2.48,1.74,0.0,0.0,0.37,0.55,2.66,0.0,0.0,0.0,0.0,0.0,0.0,0.0,0.0,0.0,1.47,0.0,0.0
12.066994,21.72,0.0,9.09,62.26,0.18,14.78,7.35,2.66,0.0,0.73,0.0,0.0,2.94,0.0,0.0,0.0,0.0,0.0,0.0,0.0,0.0,0.0,0.0,0.0,0.0
12.066994,21.72,0.0,4.87,30.85,2.3,26.91,30.85,0.0,0.0,0.28,0.0,0.0,3.95,0.0,0.0,0.0,0.0,0.0,0.0,0.0,0.0,0.0,0.0,0.0,0.0
12.066994,21.72,0.0,25.34,3.49,0.0,4.41,58.86,0.0,0.0,0.28,0.0,0.0,7.62,0.0,0.0,0.0,0.0,0.0,0.0,0.0,0.0,0.0,0.0,0.0,0.0
12.066994,21.72,0.0,24.06,0.0,0.0,0.0,48.48,0.0,0.0,0.28,0.0,0.0,7.25,0.0,0.0,19.93,0.0,0.0,0.0,0.0,0.0,0.0,0.0,0.0,0.0
12.066994,21.72,0.0,53.26,0.0,0.0,0.0,37.01,0.0,0.0,0.28,0.0,0.0,0.46,0.0,0.0,9.0,0.0,0.0,0.0,0.0,0.0,0.0,0.0,0.0,0.0
12.066994,21.72,0.0,5.42,0.0,0.0,0.0,79.25,0.0,0.0,0.0,0.0,0.0,15.34,0.0,0.0,0.0,0.0,0.0,0.0,0.0,0.0,0.0,0.0,0.0,0.0
12.066994,21.72,0.0,5.14,0.0,0.0,0.0,92.01,0.0,0.0,0.0,0.0,0.0,2.85,0.0,0.0,0.0,0.0,0.0,0.0,0.0,0.0,0.0,0.0,0.0,0.0
12.066994,21.72,0.0,3.67,0.0,0.0,0.0,68.5,0.0,0.0,1.47,0.0,0.0,13.41,0.0,12.95,0.0,0.0,0.0,0.0,0.0,0.0,0.0,0.0,0.0,0.0
12.066994,21.72,0.0,24.15,0.0,0.0,0.0,74.01,0.0,0.0,0.09,0.0,0.0,0.83,0.0,0.92,0.0,0.0,0.0,0.0,0.0,0.0,0.0,0.0,0.0,0.0
11.638435,21.72,0.0,17.91,0.0,0.0,0.0,57.02,0.0,0.0,0.0,0.0,0.0,21.03,0.0,4.04,0.0,0.0,0.0,0.0,0.0,0.0,0.0,0.0,0.0,0.0
11.237186,21.72,0.0,37.92,0.0,0.0,0.0,58.22,0.0,0.0,0.0,0.0,0.0,1.65,2.2,0.0,0.0,0.0,0.0,0.0,0.0,0.0,0.0,0.0,0.0,0.0
11.237186,21.72,0.0,11.02,0.0,0.0,6.7,79.8,0.0,0.0,0.0,0.0,0.0,2.48,0.0,0.0,0.0,0.0,0.0,0.0,0.0,0.0,0.0,0.0,0.0,0.0
11.237186,21.72,0.0,10.93,0.0,0.0,1.84,62.63,0.0,0.0,0.0,0.0,0.0,24.61,0.0,0.0,0.0,0.0,0.0,0.0,0.0,0.0,0.0,0.0,0.0,0.0
11.237186,21.72,0.0,8.26,1.84,0.0,1.19,63.91,0.0,0.0,0.83,0.0,0.0,23.97,0.0,0.0,0.0,0.0,0.0,0.0,0.0,0.0,0.0,0.0,0.0,0.0
11.237186,21.72,0.0,0.37,7.35,5.23,6.89,70.06,0.0,0.0,0.0,0.0,1.74,0.92,7.44,0.0,0.0,0.0,0.0,0.0,0.0,0.0,0.0,0.0,0.0,0.0
11.237186,21.72,0.0,42.7,0.0,0.09,2.11,49.49,0.0,0.0,0.0,0.0,4.13,1.47,0.0,0.0,0.0,0.0,0.0,0.0,0.0,0.0,0.0,0.0,0.0,0.0
11.237186,21.72,0.0,17.08,17.17,3.86,0.0,50.05,7.71,1.01,2.02,0.0,1.01,0.0,0.0,0.0,0.09,0.0,0.0,0.0,0.0,0.0,0.0,0.0,0.0,0.0
11.237186,21.72,11.75,2.57,0.0,17.36,0.83,28.28,25.34,3.49,0.73,0.0,0.73,2.2,0.0,6.7,0.0,0.0,0.0,0.0,0.0,0.0,0.0,0.0,0.0,0.0
11.237186,21.72,31.4,2.48,34.71,12.21,3.12,0.83,10.1,1.65,1.56,1.19,0.73,0.0,0.0,0.0,0.0,0.0,0.0,0.0,0.0,0.0,0.0,0.0,0.0,0.0
11.237186,21.72,0.0,0.0,18.73,77.13,0.0,0.0,0.0,0.0,1.01,3.12,0.0,0.0,0.0,0.0,0.0,0.0,0.0,0.0,0.0,0.0,0.0,0.0,0.0,0.0
10.333979,21.72,3.21,0.0,3.12,63.45,0.0,5.88,2.11,3.21,0.37,4.5,0.0,0.0,0.0,14.14,0.0,0.0,0.0,0.0,0.0,0.0,0.0,0.0,0.0,0.0
7.917323,21.72,2.11,25.25,3.03,15.61,0.0,44.54,2.57,0.0,0.37,0.0,1.19,5.33,0.0,0.0,0.0,0.0,0.0,0.0,0.0,0.0,0.0,0.0,0.0,0.0
7.917323,21.72,1.47,0.09,1.84,18.73,0.0,51.79,4.5,0.73,1.56,1.56,0.0,0.0,0.0,17.72,0.0,0.0,0.0,0.0,0.0,0.0,0.0,0.0,0.0,0.0
10.827096,21.467,0.0,1.19,0.0,0.0,0.0,60.51,18.46,0.0,0.0,0.0,1.38,0.64,0.0,17.81,0.0,0.0,0.0,0.0,0.0,0.0,0.0,0.0,0.0,0.0
10.827096,21.581,3.67,2.48,0.0,9.37,0.0,58.13,4.59,3.67,0.09,0.0,0.73,0.92,0.0,16.35,0.0,0.0,0.0,0.0,0.0,0.0,0.0,0.0,0.0,0.0
10.827096,21.72,5.97,3.4,0.0,0.0,2.66,55.19,2.48,0.0,0.0,0.0,0.0,7.62,0.0,7.44,0.0,0.0,0.0,10.74,0.0,0.0,0.0,0.0,4.5,0.0
11.770471,21.72,0.0,0.92,0.0,0.73,11.11,24.89,2.48,0.0,0.0,6.52,0.0,34.16,0.0,2.94,0.0,0.0,0.0,11.29,0.0,0.0,0.0,0.0,4.96,0.0
12.066994,21.72,0.0,1.84,4.5,18.64,29.2,27.92,0.0,0.0,0.0,0.0,0.0,17.91,0.0,0.0,0.0,0.0,0.0,0.0,0.0,0.0,0.0,0.0,0.0,0.0
12.066994,21.72,0.0,0.0,14.05,9.92,73.92,0.0,0.0,0.0,2.11,0.0,0.0,0.0,0.0,0.0,0.0,0.0,0.0,0.0,0.0,0.0,0.0,0.0,0.0,0.0
12.066994,21.72,0.0,6.43,0.0,0.0,93.57,0.0,0.0,0.0,0.0,0.0,0.0,0.0,0.0,0.0,0.0,0.0,0.0,0.0,0.0,0.0,0.0,0.0,0.0,0.0
12.066994,21.72,0.0,30.58,6.89,0.83,36.0,23.14,0.0,0.0,1.47,0.0,0.0,1.1,0.0,0.0,0.0,0.0,0.0,0.0,0.0,0.0,0.0,0.0,0.0,0.0
12.066994,21.72,0.0,8.54,0.0,0.0,0.0,91.0,0.0,0.0,0.0,0.0,0.0,0.46,0.0,0.0,0.0,0.0,0.0,0.0,0.0,0.0,0.0,0.0,0.0,0.0
12.066994,21.72,0.0,12.95,0.0,0.0,0.0,33.52,0.0,0.0,4.13,0.0,0.0,13.68,8.63,0.0,27.09,0.0,0.0,0.0,0.0,0.0,0.0,0.0,0.0,0.0
12.066994,21.72,0.0,3.86,0.0,0.0,0.0,61.71,0.0,0.0,4.68,0.0,0.0,20.57,0.0,0.0,9.18,0.0,0.0,0.0,0.0,0.0,0.0,0.0,0.0,0.0
12.066994,21.72,0.0,5.23,0.0,0.0,0.0,78.15,0.0,0.0,0.0,0.0,0.0,15.7,0.0,0.92,0.0,0.0,0.0,0.0,0.0,0.0,0.0,0.0,0.0,0.0
12.066994,21.72,0.0,14.6,0.0,0.0,0.0,41.69,0.0,0.0,2.11,0.0,0.0,38.57,0.0,3.03,0.0,0.0,0.0,0.0,0.0,0.0,0.0,0.0,0.0,0.0
12.066994,21.72,0.0,10.74,0.0,0.0,0.0,84.21,0.0,0.0,0.0,0.0,0.0,0.55,0.0,4.5,0.0,0.0,0.0,0.0,0.0,0.0,0.0,0.0,0.0,0.0
11.638435,21.72,0.0,6.98,0.0,0.0,0.0,63.27,0.0,0.0,1.38,0.0,0.0,0.0,28.37,0.0,0.0,0.0,0.0,0.0,0.0,0.0,0.0,0.0,0.0,0.0
11.237186,21.72,0.0,20.48,0.0,0.0,0.0,45.45,0.0,0.0,0.73,0.0,0.0,31.13,2.2,0.0,0.0,0.0,0.0,0.0,0.0,0.0,0.0,0.0,0.0,0.0
11.237186,21.72,0.0,22.59,0.0,0.0,0.0,74.47,0.0,0.0,0.0,0.0,0.0,2.94,0.0,0.0,0.0,0.0,0.0,0.0,0.0,0.0,0.0,0.0,0.0,0.0
11.237186,21.72,0.0,12.95,0.0,0.0,0.0,70.71,0.0,0.0,0.0,0.0,0.0,16.07,0.0,0.28,0.0,0.0,0.0,0.0,0.0,0.0,0.0,0.0,0.0,0.0
11.237186,21.72,0.0,5.79,1.47,0.0,0.0,86.04,0.0,0.0,0.0,0.0,0.0,0.92,0.0,5.79,0.0,0.0,0.0,0.0,0.0,0.0,0.0,0.0,0.0,0.0
11.237186,21.72,0.0,24.24,7.99,3.95,2.85,54.73,0.0,0.0,0.0,0.0,0.0,6.24,0.0,0.0,0.0,0.0,0.0,0.0,0.0,0.0,0.0,0.0,0.0,0.0
11.237186,21.72,0.0,7.71,0.0,2.66,46.56,24.7,0.0,0.0,0.0,0.0,3.31,14.97,0.0,0.0,0.09,0.0,0.0,0.0,0.0,0.0,0.0,0.0,0.0,0.0
11.237186,21.72,0.55,15.61,0.0,1.1,15.15,61.98,0.09,0.0,0.18,0.0,3.58,1.74,0.0,0.0,0.0,0.0,0.0,0.0,0.0,0.0,0.0,0.0,0.0,0.0
11.237186,21.72,0.0,22.31,0.0,12.76,4.78,46.19,2.66,0.64,0.55,0.0,0.0,9.0,0.0,0.0,0.0,0.0,1.1,0.0,0.0,0.0,0.0,0.0,0.0,0.0
11.237186,21.72,0.73,4.78,18.46,5.51,8.08,51.7,4.04,0.0,0.28,1.29,2.57,1.47,0.0,1.1,0.0,0.0,0.0,0.0,0.0,0.0,0.0,0.0,0.0,0.0
11.237186,21.72,10.56,0.0,3.21,36.0,0.0,42.42,1.65,0.0,0.73,0.0,0.0,0.0,0.0,5.05,0.0,0.0,0.0,0.0,0.0,0.0,0.0,0.0,0.37,0.0
10.333979,21.72,1.93,2.3,10.84,2.66,0.0,67.13,3.31,0.0,0.09,0.92,0.37,0.0,0.0,10.47,0.0,0.0,0.0,0.0,0.0,0.0,0.0,0.0,0.0,0.0
7.917323,21.72,0.0,1.38,6.06,0.0,0.0,89.9,2.66,0.0,0.0,0.0,0.0,0.0,0.0,0.0,0.0,0.0,0.0,0.0,0.0,0.0,0.0,0.0,0.0,0.0
7.917323,21.72,0.37,0.0,29.11,0.0,0.0,56.11,0.64,0.64,0.0,1.01,9.27,2.85,0.0,0.0,0.0,0.0,0.0,0.0,0.0,0.0,0.0,0.0,0.0,0.0
10.827096,21.467,1.47,0.0,0.0,40.04,0.0,0.0,15.79,4.68,3.76,8.26,1.29,0.0,0.0,24.7,0.0,0.0,0.0,0.0,0.0,0.0,0.0,0.0,0.0,0.0
10.827096,21.581,3.21,3.49,0.0,18.37,0.0,4.87,20.66,2.85,1.29,0.0,2.85,0.0,0.0,42.42,0.0,0.0,0.0,0.0,0.0,0.0,0.0,0.0,0.0,0.0
10.827096,21.72,3.12,0.64,0.0,14.23,0.0,43.25,22.87,6.06,0.83,1.38,0.55,3.49,0.0,3.58,0.0,0.0,0.0,0.0,0.0,0.0,0.0,0.0,0.0,0.0
11.770471,21.72,0.92,1.56,0.0,1.74,0.0,82.28,0.0,3.03,0.0,2.11,1.19,5.97,0.0,1.19,0.0,0.0,0.0,0.0,0.0,0.0,0.0,0.0,0.0,0.0
12.066994,21.72,0.0,1.29,0.0,0.0,8.45,79.43,1.19,1.93,0.09,0.0,1.65,3.58,2.39,0.0,0.0,0.0,0.0,0.0,0.0,0.0,0.0,0.0,0.0,0.0
12.066994,21.72,0.0,12.95,0.0,0.0,67.22,5.88,0.0,0.0,0.0,3.58,0.0,10.38,0.0,0.0,0.0,0.0,0.0,0.0,0.0,0.0,0.0,0.0,0.0,0.0
12.066994,21.72,0.0,0.0,0.0,0.0,71.26,5.88,0.0,0.0,0.0,0.0,0.0,22.87,0.0,0.0,0.0,0.0,0.0,0.0,0.0,0.0,0.0,0.0,0.0,0.0
12.066994,21.72,0.0,0.0,0.0,0.37,74.47,4.68,0.0,0.0,2.02,0.0,0.0,16.25,2.2,0.0,0.0,0.0,0.0,0.0,0.0,0.0,0.0,0.0,0.0,0.0
12.066994,21.72,0.0,10.28,0.0,0.0,0.0,58.49,4.41,0.0,0.28,0.0,0.0,22.22,4.32,0.0,0.0,0.0,0.0,0.0,0.0,0.0,0.0,0.0,0.0,0.0
12.066994,21.72,0.0,18.82,0.0,0.0,0.0,65.66,0.0,0.0,0.55,0.0,0.0,2.02,12.95,0.0,0.0,0.0,0.0,0.0,0.0,0.0,0.0,0.0,0.0,0.0
12.066994,21.72,0.0,28.56,0.0,0.0,0.0,23.6,0.0,0.0,2.39,0.0,0.0,0.0,0.0,0.0,45.45,0.0,0.0,0.0,0.0,0.0,0.0,0.0,0.0,0.0
12.066994,21.72,0.0,5.33,0.0,0.0,0.0,76.58,0.0,0.0,2.3,0.0,0.0,1.01,0.0,0.0,14.78,0.0,0.0,0.0,0.0,0.0,0.0,0.0,0.0,0.0
12.066994,21.72,0.0,26.35,0.0,0.0,0.0,67.4,0.0,0.0,0.46,0.0,0.0,5.33,0.46,0.0,0.0,0.0,0.0,0.0,0.0,0.0,0.0,0.0,0.0,0.0
12.066994,21.72,0.0,9.73,0.0,0.0,0.0,89.81,0.0,0.0,0.18,0.0,0.0,0.28,0.0,0.0,0.0,0.0,0.0,0.0,0.0,0.0,0.0,0.0,0.0,0.0
11.638435,21.72,0.0,6.61,0.0,0.0,0.0,90.54,0.0,0.0,1.56,0.0,0.0,0.0,1.29,0.0,0.0,0.0,0.0,0.0,0.0,0.0,0.0,0.0,0.0,0.0
11.237186,21.72,0.0,8.08,0.0,0.0,0.0,91.28,0.0,0.0,0.28,0.0,0.0,0.37,0.0,0.0,0.0,0.0,0.0,0.0,0.0,0.0,0.0,0.0,0.0,0.0
11.237186,21.72,0.0,15.98,0.0,0.0,0.0,84.02,0.0,0.0,0.0,0.0,0.0,0.0,0.0,0.0,0.0,0.0,0.0,0.0,0.0,0.0,0.0,0.0,0.0,0.0
11.237186,21.72,0.0,41.32,0.0,0.0,0.0,41.69,0.0,0.0,5.79,0.0,0.0,11.2,0.0,0.0,0.0,0.0,0.0,0.0,0.0,0.0,0.0,0.0,0.0,0.0
11.237186,21.72,0.0,89.26,0.0,0.0,0.0,10.74,0.0,0.0,0.0,0.0,0.0,0.0,0.0,0.0,0.0,0.0,0.0,0.0,0.0,0.0,0.0,0.0,0.0,0.0
11.237186,21.72,0.0,44.35,0.0,0.0,0.0,39.21,0.0,0.0,0.28,0.0,16.16,0.0,0.0,0.0,0.0,0.0,0.0,0.0,0.0,0.0,0.0,0.0,0.0,0.0
11.237186,21.72,0.0,17.63,0.0,4.41,26.26,47.84,0.0,0.0,1.01,0.0,2.39,0.0,0.0,0.0,0.46,0.0,0.0,0.0,0.0,0.0,0.0,0.0,0.0,0.0
11.237186,21.72,0.73,4.41,25.25,3.03,30.21,35.17,0.0,0.0,0.0,0.0,0.55,0.37,0.0,0.28,0.0,0.0,0.0,0.0,0.0,0.0,0.0,0.0,0.0,0.0
11.237186,21.72,0.83,12.3,26.63,3.76,25.53,22.22,0.64,1.84,0.55,4.22,0.0,0.0,0.0,0.09,0.0,0.0,0.0,0.0,0.0,0.0,0.0,0.0,1.38,0.0
11.237186,21.72,0.18,3.03,1.38,5.51,8.72,78.51,0.0,0.0,0.18,0.0,2.02,0.0,0.0,0.0,0.0,0.0,0.0,0.0,0.0,0.0,0.0,0.0,0.46,0.0
11.237186,21.72,0.0,0.18,0.0,19.74,39.94,33.52,0.18,0.0,0.0,0.0,0.46,0.0,0.0,0.55,0.0,0.0,0.0,0.0,0.0,0.0,0.0,0.0,5.42,0.0
10.333979,21.72,0.0,0.46,0.0,18.18,4.13,69.88,3.21,2.2,0.09,0.0,1.56,0.0,0.0,0.28,0.0,0.0,0.0,0.0,0.0,0.0,0.0,0.0,0.0,0.0
7.917323,21.72,0.0,5.6,1.19,0.0,3.49,84.3,0.0,0.0,0.73,0.0,0.0,4.68,0.0,0.0,0.0,0.0,0.0,0.0,0.0,0.0,0.0,0.0,0.0,0.0
7.917323,21.72,0.0,29.02,12.67,0.0,0.0,39.3,0.0,0.0,0.28,4.68,12.21,0.0,1.38,0.46,0.0,0.0,0.0,0.0,0.0,0.0,0.0,0.0,0.0,0.0
10.827096,21.467,0.0,2.39,0.0,59.41,0.0,0.0,0.0,1.38,4.96,4.68,0.0,0.0,0.0,27.18,0.0,0.0,0.0,0.0,0.0,0.0,0.0,0.0,0.0,0.0
10.827096,21.581,0.73,5.69,0.0,18.09,0.0,12.95,11.02,1.65,2.39,7.16,1.29,0.0,0.0,39.03,0.0,0.0,0.0,0.0,0.0,0.0,0.0,0.0,0.0,0.0
10.827096,21.72,9.55,0.28,0.0,33.61,0.0,4.78,35.54,1.01,1.56,1.47,0.37,0.0,0.0,9.46,0.0,0.0,1.29,0.0,0.0,0.0,0.0,1.1,0.0,0.0
11.770471,21.72,0.37,23.14,0.0,11.85,0.0,39.76,8.63,1.56,0.37,1.1,0.92,0.46,0.0,11.85,0.0,0.0,0.0,0.0,0.0,0.0,0.0,0.0,0.0,0.0
12.066994,21.72,0.0,0.46,0.0,0.0,0.0,86.04,2.02,4.68,0.09,0.0,1.65,0.0,0.09,4.96,0.0,0.0,0.0,0.0,0.0,0.0,0.0,0.0,0.0,0.0
12.066994,21.72,0.0,17.36,0.0,0.0,0.0,58.22,0.0,0.0,0.18,0.0,0.0,19.93,1.56,2.75,0.0,0.0,0.0,0.0,0.0,0.0,0.0,0.0,0.0,0.0
12.066994,21.72,0.0,2.48,0.0,0.0,3.03,91.55,0.0,0.0,0.0,0.0,0.64,2.3,0.0,0.0,0.0,0.0,0.0,0.0,0.0,0.0,0.0,0.0,0.0,0.0
12.066994,21.72,0.0,53.9,0.0,0.0,2.75,16.9,0.0,0.0,0.0,0.0,0.0,26.26,0.18,0.0,0.0,0.0,0.0,0.0,0.0,0.0,0.0,0.0,0.0,0.0
12.066994,21.72,0.0,75.48,0.0,0.0,4.87,10.28,0.0,0.0,1.01,0.0,0.0,8.17,0.18,0.0,0.0,0.0,0.0,0.0,0.0,0.0,0.0,0.0,0.0,0.0
12.066994,21.72,0.0,24.43,0.0,0.0,5.6,57.21,3.58,0.0,1.1,0.0,0.0,8.08,0.0,0.0,0.0,0.0,0.0,0.0,0.0,0.0,0.0,0.0,0.0,0.0
12.066994,21.72,0.0,45.82,0.0,0.0,3.12,46.19,3.49,0.0,1.1,0.0,0.0,0.28,0.0,0.0,0.0,0.0,0.0,0.0,0.0,0.0,0.0,0.0,0.0,0.0
12.066994,21.72,0.0,8.82,0.0,0.0,0.0,74.29,0.0,0.0,0.18,0.0,0.0,10.74,0.0,0.0,5.97,0.0,0.0,0.0,0.0,0.0,0.0,0.0,0.0,0.0
12.066994,21.72,0.0,16.62,0.0,0.0,0.0,82.83,0.0,0.0,0.0,0.0,0.0,0.55,0.0,0.0,0.0,0.0,0.0,0.0,0.0,0.0,0.0,0.0,0.0,0.0
12.066994,21.72,0.0,12.95,0.0,0.0,0.0,83.38,0.0,0.0,0.09,0.0,0.0,3.58,0.0,0.0,0.0,0.0,0.0,0.0,0.0,0.0,0.0,0.0,0.0,0.0
11.638435,21.72,0.0,7.9,0.0,0.0,0.0,86.78,0.0,0.0,1.19,0.0,0.0,4.13,0.0,0.0,0.0,0.0,0.0,0.0,0.0,0.0,0.0,0.0,0.0,0.0
11.237186,21.72,0.0,9.83,0.0,0.0,0.0,88.52,0.0,0.0,0.28,0.0,0.0,1.38,0.0,0.0,0.0,0.0,0.0,0.0,0.0,0.0,0.0,0.0,0.0,0.0
11.237186,21.72,0.0,1.29,0.0,0.0,0.0,98.71,0.0,0.0,0.0,0.0,0.0,0.0,0.0,0.0,0.0,0.0,0.0,0.0,0.0,0.0,0.0,0.0,0.0,0.0
11.237186,21.72,0.0,8.91,0.0,0.0,0.0,91.0,0.0,0.0,0.09,0.0,0.0,0.0,0.0,0.0,0.0,0.0,0.0,0.0,0.0,0.0,0.0,0.0,0.0,0.0
11.237186,21.72,0.0,11.94,0.0,0.0,0.0,86.87,0.0,0.0,0.46,0.0,0.0,0.73,0.0,0.0,0.0,0.0,0.0,0.0,0.0,0.0,0.0,0.0,0.0,0.0
11.237186,21.72,0.0,6.06,0.0,0.0,0.0,88.34,0.0,0.0,0.37,0.0,0.0,4.5,0.73,0.0,0.0,0.0,0.0,0.0,0.0,0.0,0.0,0.0,0.0,0.0
11.237186,21.72,0.0,50.14,0.0,3.21,1.93,42.42,0.0,0.0,1.29,0.0,0.0,0.0,1.01,0.0,0.0,0.0,0.0,0.0,0.0,0.0,0.0,0.0,0.0,0.0
11.237186,21.72,0.0,21.76,4.5,3.4,10.47,56.38,0.0,0.0,1.65,0.0,1.84,0.0,0.0,0.0,0.0,0.0,0.0,0.0,0.0,0.0,0.0,0.0,0.0,0.0
11.237186,21.72,0.0,12.86,2.48,0.0,6.8,51.97,0.0,0.46,0.28,0.0,1.19,19.1,0.73,0.0,0.0,0.0,0.0,0.0,0.0,0.0,0.0,0.0,4.13,0.0
11.237186,21.72,0.0,2.85,2.94,6.61,7.81,53.54,0.0,0.0,1.01,0.0,0.0,1.38,4.22,0.0,0.0,0.0,0.0,0.0,0.0,0.0,0.0,0.0,19.65,0.0
11.237186,21.72,0.0,6.52,26.91,8.08,41.05,6.06,0.0,0.0,1.29,0.0,0.0,2.11,7.99,0.0,0.0,0.0,0.0,0.0,0.0,0.0,0.0,0.0,0.0,0.0
10.333979,21.72,0.0,6.24,1.1,0.0,38.29,30.67,0.0,0.0,1.01,0.0,0.0,10.01,12.67,0.0,0.0,0.0,0.0,0.0,0.0,0.0,0.0,0.0,0.0,0.0
7.917323,21.72,0.0,4.32,6.7,0.0,45.0,12.49,0.0,0.0,0.18,0.0,0.0,3.03,0.0,0.0,0.0,28.1,0.18,0.0,0.0,0.0,0.0,0.0,0.0,0.0
7.917323,21.72,6.34,2.39,16.99,15.15,0.0,16.53,22.04,0.64,0.09,0.0,0.0,0.0,0.0,2.11,0.0,17.72,0.0,0.0,0.0,0.0,0.0,0.0,0.0,0.0
10.827096,21.467,0.0,60.7,0.0,34.8,0.0,0.0,0.0,0.0,1.1,3.4,0.0,0.0,0.0,0.0,0.0,0.0,0.0,0.0,0.0,0.0,0.0,0.0,0.0,0.0
10.827096,21.581,0.0,95.87,0.0,3.58,0.0,0.0,0.0,0.0,0.55,0.0,0.0,0.0,0.0,0.0,0.0,0.0,0.0,0.0,0.0,0.0,0.0,0.0,0.0,0.0
10.827096,21.72,2.3,28.28,0.0,17.72,0.0,26.63,9.73,9.37,0.09,1.65,1.74,0.73,0.0,1.74,0.0,0.0,0.0,0.0,0.0,0.0,0.0,0.0,0.0,0.0
11.770471,21.72,0.0,56.11,0.0,9.92,0.0,30.58,2.57,0.0,0.0,0.0,0.0,0.83,0.0,0.0,0.0,0.0,0.0,0.0,0.0,0.0,0.0,0.0,0.0,0.0
12.066994,21.72,0.0,3.21,0.0,0.0,0.0,94.03,0.0,0.0,0.0,0.0,0.0,0.0,0.0,2.75,0.0,0.0,0.0,0.0,0.0,0.0,0.0,0.0,0.0,0.0
12.066994,21.72,0.0,4.68,0.0,0.0,0.0,93.66,0.0,0.0,0.0,0.0,0.0,1.65,0.0,0.0,0.0,0.0,0.0,0.0,0.0,0.0,0.0,0.0,0.0,0.0
12.066994,21.72,0.0,5.79,0.0,0.0,0.0,94.21,0.0,0.0,0.0,0.0,0.0,0.0,0.0,0.0,0.0,0.0,0.0,0.0,0.0,0.0,0.0,0.0,0.0,0.0
12.066994,21.72,0.0,26.54,0.0,0.0,0.0,70.8,0.0,0.0,0.0,0.0,0.0,2.66,0.0,0.0,0.0,0.0,0.0,0.0,0.0,0.0,0.0,0.0,0.0,0.0
12.066994,21.72,0.0,85.4,0.0,0.0,0.0,10.01,0.0,0.0,0.0,0.0,0.0,4.59,0.0,0.0,0.0,0.0,0.0,0.0,0.0,0.0,0.0,0.0,0.0,0.0
12.066994,21.72,0.0,42.33,0.0,0.0,0.0,3.95,0.0,0.0,1.84,0.0,0.0,48.39,3.49,0.0,0.0,0.0,0.0,0.0,0.0,0.0,0.0,0.0,0.0,0.0
12.066994,21.72,0.0,25.16,0.0,0.0,1.93,22.41,0.0,0.0,0.92,0.0,0.0,49.59,0.0,0.0,0.0,0.0,0.0,0.0,0.0,0.0,0.0,0.0,0.0,0.0
12.066994,21.72,0.0,24.15,0.0,0.0,3.49,26.35,0.0,0.0,3.67,4.68,22.04,15.61,0.0,0.0,0.0,0.0,0.0,0.0,0.0,0.0,0.0,0.0,0.0,0.0
12.066994,21.72,0.0,29.2,0.0,0.0,0.0,67.31,0.0,0.0,0.83,0.0,0.0,2.66,0.0,0.0,0.0,0.0,0.0,0.0,0.0,0.0,0.0,0.0,0.0,0.0
12.066994,21.72,0.0,11.29,0.0,0.0,3.12,54.55,0.0,0.0,1.1,0.0,0.0,29.94,0.0,0.0,0.0,0.0,0.0,0.0,0.0,0.0,0.0,0.0,0.0,0.0
11.638435,21.72,0.0,36.55,0.0,0.0,0.0,60.24,0.0,0.0,1.29,0.0,0.0,1.93,0.0,0.0,0.0,0.0,0.0,0.0,0.0,0.0,0.0,0.0,0.0,0.0
11.237186,21.72,0.0,3.49,0.0,0.0,0.0,96.42,0.0,0.0,0.09,0.0,0.0,0.0,0.0,0.0,0.0,0.0,0.0,0.0,0.0,0.0,0.0,0.0,0.0,0.0
11.237186,21.72,0.0,2.11,0.0,0.0,0.0,96.79,0.0,0.0,1.1,0.0,0.0,0.0,0.0,0.0,0.0,0.0,0.0,0.0,0.0,0.0,0.0,0.0,0.0,0.0
11.237186,21.72,0.0,9.73,0.0,0.0,0.0,90.27,0.0,0.0,0.0,0.0,0.0,0.0,0.0,0.0,0.0,0.0,0.0,0.0,0.0,0.0,0.0,0.0,0.0,0.0
11.237186,21.72,0.0,3.76,0.0,0.0,0.0,88.71,0.0,0.0,0.28,0.0,0.0,7.25,0.0,0.0,0.0,0.0,0.0,0.0,0.0,0.0,0.0,0.0,0.0,0.0
11.237186,21.72,0.0,8.17,0.0,0.0,0.83,64.55,0.0,0.0,1.1,0.0,0.0,14.97,9.64,0.73,0.0,0.0,0.0,0.0,0.0,0.0,0.0,0.0,0.0,0.0
11.237186,21.72,0.0,10.19,0.0,0.0,0.0,33.98,0.0,0.0,4.87,0.0,0.0,1.29,47.57,2.11,0.0,0.0,0.0,0.0,0.0,0.0,0.0,0.0,0.0,0.0
11.237186,21.72,0.0,26.81,0.0,0.0,0.0,71.17,0.0,0.0,0.0,0.0,2.02,0.0,0.0,0.0,0.0,0.0,0.0,0.0,0.0,0.0,0.0,0.0,0.0,0.0
11.237186,21.72,0.0,36.91,0.0,0.0,0.0,38.66,0.0,0.0,1.47,0.0,0.0,19.74,0.0,0.0,3.21,0.0,0.0,0.0,0.0,0.0,0.0,0.0,0.0,0.0
11.237186,21.72,0.0,64.46,0.0,0.0,0.0,14.97,0.0,0.0,2.02,0.0,0.0,13.04,2.85,0.0,2.66,0.0,0.0,0.0,0.0,0.0,0.0,0.0,0.0,0.0
11.237186,21.72,0.0,84.57,0.83,0.0,0.0,10.84,0.0,0.0,0.37,0.0,0.0,1.93,1.38,0.0,0.09,0.0,0.0,0.0,0.0,0.0,0.0,0.0,0.0,0.0
10.333979,21.72,0.0,10.19,0.0,0.0,17.72,38.11,0.0,0.0,0.18,0.0,0.0,32.6,1.19,0.0,0.0,0.0,0.0,0.0,0.0,0.0,0.0,0.0,0.0,0.0
7.917323,21.72,0.0,0.0,12.3,0.0,55.46,1.93,0.0,0.0,0.0,0.0,0.0,29.57,0.0,0.0,0.0,0.0,0.73,0.0,0.0,0.0,0.0,0.0,0.0,0.0
7.917323,21.72,4.22,1.1,1.93,10.65,76.12,0.0,1.29,2.02,0.0,0.0,0.0,0.0,1.84,0.46,0.0,0.37,0.0,0.0,0.0,0.0,0.0,0.0,0.0,0.0
10.827096,21.467,0.0,78.7,0.46,0.0,0.0,0.0,0.0,0.0,0.0,0.0,14.33,0.0,0.0,0.0,0.0,0.0,0.0,0.0,0.0,0.0,0.0,6.52,0.0,0.0
10.827096,21.581,0.0,89.07,0.0,0.0,0.0,6.89,0.0,0.0,0.0,0.0,4.04,0.0,0.0,0.0,0.0,0.0,0.0,0.0,0.0,0.0,0.0,0.0,0.0,0.0
10.827096,21.72,0.0,62.44,0.0,0.0,0.0,30.12,0.0,0.0,1.01,0.0,0.0,0.0,6.43,0.0,0.0,0.0,0.0,0.0,0.0,0.0,0.0,0.0,0.0,0.0
11.770471,21.72,0.0,75.67,0.0,0.0,0.0,21.85,0.0,0.0,1.93,0.0,0.0,0.0,0.0,0.0,0.55,0.0,0.0,0.0,0.0,0.0,0.0,0.0,0.0,0.0
12.066994,21.72,0.0,24.61,0.0,0.0,0.0,74.29,0.0,0.0,0.55,0.0,0.0,0.0,0.0,0.0,0.55,0.0,0.0,0.0,0.0,0.0,0.0,0.0,0.0,0.0
12.066994,21.72,0.0,15.06,0.0,0.0,0.0,84.11,0.0,0.0,0.37,0.0,0.0,0.0,0.0,0.0,0.46,0.0,0.0,0.0,0.0,0.0,0.0,0.0,0.0,0.0
12.066994,21.72,0.0,12.49,0.0,0.0,0.0,79.52,5.33,0.0,1.01,0.0,0.0,0.0,0.83,0.0,0.83,0.0,0.0,0.0,0.0,0.0,0.0,0.0,0.0,0.0
12.066994,21.72,0.0,75.94,0.0,0.0,0.0,18.73,0.0,0.0,0.73,0.0,0.0,0.0,0.0,0.0,4.59,0.0,0.0,0.0,0.0,0.0,0.0,0.0,0.0,0.0
12.066994,21.72,0.0,52.62,0.0,0.0,0.0,34.99,0.0,0.0,0.64,0.0,0.0,6.7,1.1,0.0,3.95,0.0,0.0,0.0,0.0,0.0,0.0,0.0,0.0,0.0
12.066994,21.72,0.0,25.25,0.0,0.0,0.0,63.36,0.0,0.0,0.37,0.0,0.0,6.34,0.0,4.68,0.0,0.0,0.0,0.0,0.0,0.0,0.0,0.0,0.0,0.0
12.066994,21.72,0.0,18.0,0.0,0.0,0.0,46.65,0.0,0.0,0.46,4.78,0.0,30.12,0.0,0.0,0.0,0.0,0.0,0.0,0.0,0.0,0.0,0.0,0.0,0.0
12.066994,21.72,0.0,6.52,0.0,0.0,0.0,79.43,0.0,0.0,0.0,0.73,0.0,2.02,11.29,0.0,0.0,0.0,0.0,0.0,0.0,0.0,0.0,0.0,0.0,0.0
12.066994,21.72,0.0,6.24,0.0,0.0,4.32,50.32,0.0,0.0,1.65,0.0,0.0,35.63,1.84,0.0,0.0,0.0,0.0,0.0,0.0,0.0,0.0,0.0,0.0,0.0
12.066994,21.72,0.0,6.06,0.0,0.0,4.78,47.57,0.0,0.0,5.97,0.0,0.0,35.63,0.0,0.0,0.0,0.0,0.0,0.0,0.0,0.0,0.0,0.0,0.0,0.0
11.638435,21.72,0.0,21.03,0.0,0.0,3.31,65.29,0.0,0.0,5.51,0.0,0.0,4.87,0.0,0.0,0.0,0.0,0.0,0.0,0.0,0.0,0.0,0.0,0.0,0.0
11.237186,21.72,0.0,10.01,0.0,0.0,0.0,85.03,0.0,0.0,0.18,0.0,0.0,4.78,0.0,0.0,0.0,0.0,0.0,0.0,0.0,0.0,0.0,0.0,0.0,0.0
11.237186,21.72,0.0,6.7,0.0,0.0,0.0,93.3,0.0,0.0,0.0,0.0,0.0,0.0,0.0,0.0,0.0,0.0,0.0,0.0,0.0,0.0,0.0,0.0,0.0,0.0
11.237186,21.72,0.0,4.78,0.0,0.0,0.0,95.22,0.0,0.0,0.0,0.0,0.0,0.0,0.0,0.0,0.0,0.0,0.0,0.0,0.0,0.0,0.0,0.0,0.0,0.0
11.237186,21.72,0.0,8.36,0.0,0.0,0.0,88.43,0.0,0.0,3.21,0.0,0.0,0.0,0.0,0.0,0.0,0.0,0.0,0.0,0.0,0.0,0.0,0.0,0.0,0.0
11.237186,21.72,0.0,8.08,0.0,0.0,2.75,67.03,0.0,0.0,0.37,0.0,1.19,11.94,8.63,0.0,0.0,0.0,0.0,0.0,0.0,0.0,0.0,0.0,0.0,0.0
11.237186,21.72,0.0,0.55,0.0,0.0,0.0,70.43,0.0,0.0,1.19,0.0,0.0,8.91,13.31,5.6,0.0,0.0,0.0,0.0,0.0,0.0,0.0,0.0,0.0,0.0
11.237186,21.72,0.0,5.69,0.0,0.0,0.0,72.54,0.0,0.0,0.0,0.0,0.0,9.09,0.55,12.12,0.0,0.0,0.0,0.0,0.0,0.0,0.0,0.0,0.0,0.0
11.237186,21.72,0.0,30.3,0.0,0.0,0.0,69.7,0.0,0.0,0.0,0.0,0.0,0.0,0.0,0.0,0.0,0.0,0.0,0.0,0.0,0.0,0.0,0.0,0.0,0.0
11.237186,21.72,0.0,97.52,0.0,0.0,0.0,2.3,0.0,0.0,0.0,0.0,0.0,0.0,0.0,0.0,0.18,0.0,0.0,0.0,0.0,0.0,0.0,0.0,0.0,0.0
11.237186,21.72,0.0,84.3,0.0,0.0,0.0,11.75,0.0,0.0,2.75,0.0,0.0,0.0,0.0,0.0,1.19,0.0,0.0,0.0,0.0,0.0,0.0,0.0,0.0,0.0
10.333979,21.72,0.0,24.98,0.0,0.0,0.0,71.81,0.0,0.0,2.66,0.0,0.0,0.55,0.0,0.0,0.0,0.0,0.0,0.0,0.0,0.0,0.0,0.0,0.0,0.0
7.917323,21.72,0.0,16.07,0.0,0.0,5.69,58.59,0.0,0.0,1.29,0.0,3.49,14.78,0.0,0.0,0.09,0.0,0.0,0.0,0.0,0.0,0.0,0.0,0.0,0.0
7.917323,21.72,0.0,18.73,0.73,0.0,20.66,25.62,0.0,0.0,0.09,0.0,4.87,10.74,18.55,0.0,0.0,0.0,0.0,0.0,0.0,0.0,0.0,0.0,0.0,0.0
10.827096,21.467,0.0,82.19,13.87,3.95,0.0,0.0,0.0,0.0,0.0,0.0,0.0,0.0,0.0,0.0,0.0,0.0,0.0,0.0,0.0,0.0,0.0,0.0,0.0,0.0
10.827096,21.581,0.0,85.49,0.0,0.0,0.0,0.0,0.0,0.0,0.0,0.0,9.92,0.0,4.04,0.0,0.55,0.0,0.0,0.0,0.0,0.0,0.0,0.0,0.0,0.0
10.827096,21.72,0.0,95.5,0.0,0.0,0.0,0.0,0.0,0.0,0.28,0.0,3.49,0.0,0.0,0.0,0.73,0.0,0.0,0.0,0.0,0.0,0.0,0.0,0.0,0.0
11.770471,21.72,0.28,74.01,0.0,6.89,0.0,0.0,0.0,1.29,0.18,4.59,0.0,0.0,0.0,0.0,0.0,0.0,0.0,0.0,0.0,12.76,0.0,0.0,0.0,0.0
12.066994,21.72,4.5,49.31,0.0,2.02,0.0,43.16,0.0,0.28,0.0,0.0,0.73,0.0,0.0,0.0,0.0,0.0,0.0,0.0,0.0,0.0,0.0,0.0,0.0,0.0
12.066994,21.72,0.0,28.74,0.0,0.0,0.0,67.68,0.0,0.0,0.0,0.0,0.0,2.2,0.0,1.38,0.0,0.0,0.0,0.0,0.0,0.0,0.0,0.0,0.0,0.0
12.066994,21.72,0.0,6.06,0.0,0.0,0.0,49.68,0.92,0.0,0.0,0.0,0.0,3.21,0.0,40.13,0.0,0.0,0.0,0.0,0.0,0.0,0.0,0.0,0.0,0.0
12.066994,21.72,0.0,16.25,0.0,0.0,0.0,77.87,0.0,0.0,0.46,0.0,0.37,0.73,3.49,0.83,0.0,0.0,0.0,0.0,0.0,0.0,0.0,0.0,0.0,0.0
12.066994,21.72,0.0,7.81,0.0,0.0,0.0,91.83,0.0,0.0,0.0,0.0,0.0,0.37,0.0,0.0,0.0,0.0,0.0,0.0,0.0,0.0,0.0,0.0,0.0,0.0
12.066994,21.72,0.0,2.57,0.0,0.09,0.0,97.15,0.0,0.0,0.0,0.0,0.0,0.18,0.0,0.0,0.0,0.0,0.0,0.0,0.0,0.0,0.0,0.0,0.0,0.0
12.066994,21.72,0.0,45.09,0.0,0.0,0.0,54.91,0.0,0.0,0.0,0.0,0.0,0.0,0.0,0.0,0.0,0.0,0.0,0.0,0.0,0.0,0.0,0.0,0.0,0.0
12.066994,21.72,0.0,19.83,0.0,0.0,0.0,70.71,0.0,0.0,1.74,0.0,0.0,3.12,4.59,0.0,0.0,0.0,0.0,0.0,0.0,0.0,0.0,0.0,0.0,0.0
12.066994,21.72,0.0,9.27,0.0,0.0,0.0,33.33,0.0,0.0,0.83,25.34,0.0,31.22,0.0,0.0,0.0,0.0,0.0,0.0,0.0,0.0,0.0,0.0,0.0,0.0
12.066994,21.72,0.0,15.7,0.0,0.0,0.0,45.27,0.0,0.0,9.09,0.0,0.0,29.94,0.0,0.0,0.0,0.0,0.0,0.0,0.0,0.0,0.0,0.0,0.0,0.0
11.638435,21.72,0.0,5.69,0.0,0.0,0.18,65.29,0.0,0.0,10.1,0.0,0.0,18.73,0.0,0.0,0.0,0.0,0.0,0.0,0.0,0.0,0.0,0.0,0.0,0.0
11.237186,21.72,0.0,32.87,0.0,0.0,7.44,52.34,0.0,0.0,5.79,0.0,0.0,1.56,0.0,0.0,0.0,0.0,0.0,0.0,0.0,0.0,0.0,0.0,0.0,0.0
11.237186,21.72,0.0,21.85,0.0,0.0,0.0,73.74,0.0,0.0,1.93,0.0,0.0,2.48,0.0,0.0,0.0,0.0,0.0,0.0,0.0,0.0,0.0,0.0,0.0,0.0
11.237186,21.72,0.0,7.62,0.0,0.0,0.0,82.83,0.0,0.0,5.69,0.0,0.0,3.86,0.0,0.0,0.0,0.0,0.0,0.0,0.0,0.0,0.0,0.0,0.0,0.0
11.237186,21.72,0.0,13.04,0.0,0.0,0.0,79.61,0.0,0.0,1.65,0.0,0.0,5.69,0.0,0.0,0.0,0.0,0.0,0.0,0.0,0.0,0.0,0.0,0.0,0.0
11.237186,21.72,0.0,10.47,0.0,0.0,0.0,77.78,0.0,0.0,0.0,0.0,0.0,8.36,0.0,3.4,0.0,0.0,0.0,0.0,0.0,0.0,0.0,0.0,0.0,0.0
11.237186,21.72,0.0,0.73,0.0,0.0,19.56,23.6,0.0,0.0,0.0,0.0,0.0,56.11,0.0,0.0,0.0,0.0,0.0,0.0,0.0,0.0,0.0,0.0,0.0,0.0
11.237186,21.72,0.0,1.38,0.0,0.0,1.65,65.29,0.0,0.0,0.0,0.0,0.0,31.68,0.0,0.0,0.0,0.0,0.0,0.0,0.0,0.0,0.0,0.0,0.0,0.0
11.237186,21.72,0.0,4.59,0.0,0.0,0.0,84.94,2.48,0.0,1.47,0.0,0.0,6.52,0.0,0.0,0.0,0.0,0.0,0.0,0.0,0.0,0.0,0.0,0.0,0.0
11.237186,21.72,0.0,49.68,0.0,0.0,0.0,47.47,0.0,0.0,0.0,0.0,1.84,0.0,0.0,1.01,0.0,0.0,0.0,0.0,0.0,0.0,0.0,0.0,0.0,0.0
11.237186,21.72,0.0,97.52,0.0,0.0,0.0,2.2,0.0,0.0,0.0,0.0,0.0,0.0,0.0,0.28,0.0,0.0,0.0,0.0,0.0,0.0,0.0,0.0,0.0,0.0
10.333979,21.72,0.0,25.53,0.0,3.03,0.0,68.5,0.0,0.0,0.0,0.0,2.75,0.0,0.0,0.0,0.18,0.0,0.0,0.0,0.0,0.0,0.0,0.0,0.0,0.0
7.917323,21.72,0.0,31.31,0.0,0.0,0.0,65.38,0.0,0.0,0.0,0.0,1.47,1.84,0.0,0.0,0.0,0.0,0.0,0.0,0.0,0.0,0.0,0.0,0.0,0.0
7.917323,21.72,0.0,64.0,0.0,0.0,0.0,34.99,0.0,0.0,0.92,0.0,0.0,0.0,0.0,0.0,0.09,0.0,0.0,0.0,0.0,0.0,0.0,0.0,0.0,0.0
10.827096,21.467,0.0,3.86,0.0,90.45,0.0,0.0,0.0,0.0,0.46,0.0,0.0,0.0,0.0,0.0,0.0,0.0,0.0,0.0,0.0,0.0,0.0,5.23,0.0,0.0
10.827096,21.581,0.0,12.3,0.0,56.93,0.0,0.0,0.0,0.0,0.18,0.0,0.0,0.0,0.0,0.0,0.0,0.0,2.2,0.0,0.0,28.37,0.0,0.0,0.0,0.0
10.827096,21.72,0.0,3.4,0.0,12.49,0.0,0.0,0.0,0.0,0.0,0.0,0.0,0.0,0.0,0.0,0.0,0.0,0.0,0.0,0.0,84.11,0.0,0.0,0.0,0.0
11.770471,21.72,3.21,2.02,0.0,19.28,0.0,16.9,8.63,6.61,0.0,4.41,0.0,3.76,0.0,6.8,0.0,0.0,0.0,0.0,0.0,28.37,0.0,0.0,0.0,0.0
12.066994,21.72,0.92,7.62,0.0,0.0,0.0,84.3,0.0,2.3,0.0,0.0,1.01,3.4,0.0,0.0,0.0,0.0,0.0,0.0,0.0,0.46,0.0,0.0,0.0,0.0
12.066994,21.72,0.0,2.85,0.0,0.0,0.0,96.33,0.0,0.0,0.0,0.0,0.0,0.83,0.0,0.0,0.0,0.0,0.0,0.0,0.0,0.0,0.0,0.0,0.0,0.0
12.066994,21.72,0.0,5.97,0.0,0.0,0.0,61.71,0.0,0.0,0.64,0.0,0.0,28.01,3.67,0.0,0.0,0.0,0.0,0.0,0.0,0.0,0.0,0.0,0.0,0.0
12.066994,21.72,0.0,38.93,0.0,0.0,0.0,47.29,0.0,0.0,0.0,0.0,2.57,7.07,4.13,0.0,0.0,0.0,0.0,0.0,0.0,0.0,0.0,0.0,0.0,0.0
12.066994,21.72,0.0,6.89,0.0,5.42,0.0,80.53,0.0,0.0,0.46,0.0,0.0,6.7,0.0,0.0,0.0,0.0,0.0,0.0,0.0,0.0,0.0,0.0,0.0,0.0
12.066994,21.72,0.0,6.7,0.0,4.78,0.0,50.14,0.0,0.0,0.18,0.0,0.0,35.81,2.39,0.0,0.0,0.0,0.0,0.0,0.0,0.0,0.0,0.0,0.0,0.0
12.066994,21.72,0.0,7.71,0.0,0.0,0.0,89.99,0.0,0.0,0.0,0.0,0.0,1.38,0.92,0.0,0.0,0.0,0.0,0.0,0.0,0.0,0.0,0.0,0.0,0.0
12.066994,21.72,0.0,74.01,0.0,0.0,0.0,17.91,1.01,0.0,0.28,0.0,5.33,1.47,0.0,0.0,0.0,0.0,0.0,0.0,0.0,0.0,0.0,0.0,0.0,0.0
12.066994,21.72,0.0,43.99,0.0,0.0,0.0,52.25,0.28,0.0,0.0,0.0,2.57,0.92,0.0,0.0,0.0,0.0,0.0,0.0,0.0,0.0,0.0,0.0,0.0,0.0
12.066994,21.72,0.0,16.99,0.0,0.0,0.0,64.19,0.0,0.0,1.84,0.0,0.0,16.99,0.0,0.0,0.0,0.0,0.0,0.0,0.0,0.0,0.0,0.0,0.0,0.0
11.638435,21.72,0.0,28.1,0.0,0.0,0.0,61.25,0.0,0.0,2.48,0.0,0.92,6.43,0.0,0.83,0.0,0.0,0.0,0.0,0.0,0.0,0.0,0.0,0.0,0.0
11.237186,21.72,0.0,4.68,0.0,0.0,3.12,87.42,0.0,0.92,1.56,0.0,0.0,0.46,0.0,1.84,0.0,0.0,0.0,0.0,0.0,0.0,0.0,0.0,0.0,0.0
11.237186,21.72,0.0,3.76,0.0,0.0,0.92,83.65,0.0,0.0,0.73,4.13,0.28,2.66,0.0,3.86,0.0,0.0,0.0,0.0,0.0,0.0,0.0,0.0,0.0,0.0
11.237186,21.72,0.0,12.03,0.0,0.0,0.0,87.7,0.0,0.0,0.0,0.0,0.18,0.09,0.0,0.0,0.0,0.0,0.0,0.0,0.0,0.0,0.0,0.0,0.0,0.0
11.237186,21.72,0.0,22.04,0.0,0.0,0.0,74.01,1.84,0.0,2.11,0.0,0.0,0.0,0.0,0.0,0.0,0.0,0.0,0.0,0.0,0.0,0.0,0.0,0.0,0.0
11.237186,21.72,0.0,7.07,0.0,0.0,0.0,81.45,0.28,0.0,1.93,0.0,0.0,9.27,0.0,0.0,0.0,0.0,0.0,0.0,0.0,0.0,0.0,0.0,0.0,0.0
11.237186,21.72,0.0,12.49,0.0,0.0,11.2,37.74,0.0,0.0,0.46,0.0,0.0,32.69,0.0,5.42,0.0,0.0,0.0,0.0,0.0,0.0,0.0,0.0,0.0,0.0
11.237186,21.72,0.0,12.95,0.0,0.0,1.01,54.73,0.0,0.0,0.18,0.0,0.0,28.56,2.57,0.0,0.0,0.0,0.0,0.0,0.0,0.0,0.0,0.0,0.0,0.0
11.237186,21.72,0.0,8.45,0.0,0.0,0.0,75.94,8.08,0.0,0.18,0.0,0.0,0.55,6.8,0.0,0.0,0.0,0.0,0.0,0.0,0.0,0.0,0.0,0.0,0.0
11.237186,21.72,0.0,26.35,0.0,0.0,0.0,72.91,0.0,0.0,0.0,0.0,0.73,0.0,0.0,0.0,0.0,0.0,0.0,0.0,0.0,0.0,0.0,0.0,0.0,0.0
11.237186,21.72,1.47,16.16,0.0,13.04,0.0,31.04,6.34,0.0,0.83,6.61,14.51,0.0,0.0,3.31,0.0,0.0,0.0,6.7,0.0,0.0,0.0,0.0,0.0,0.0
10.333979,21.72,0.0,11.29,0.0,69.61,0.0,0.0,4.87,0.0,2.02,11.29,0.0,0.0,0.0,0.92,0.0,0.0,0.0,0.0,0.0,0.0,0.0,0.0,0.0,0.0
7.917323,21.72,0.0,16.35,0.0,72.73,0.0,7.16,0.09,0.0,0.0,0.0,0.0,0.0,0.0,0.0,3.67,0.0,0.0,0.0,0.0,0.0,0.0,0.0,0.0,0.0
7.917323,21.72,0.0,77.78,4.96,16.71,0.0,0.0,0.0,0.0,0.0,0.0,0.0,0.0,0.0,0.0,0.55,0.0,0.0,0.0,0.0,0.0,0.0,0.0,0.0,0.0
10.827096,21.467,0.0,8.63,9.37,58.13,0.0,0.0,0.0,0.0,1.47,0.0,0.0,21.95,0.0,0.0,0.46,0.0,0.0,0.0,0.0,0.0,0.0,0.0,0.0,0.0
10.827096,21.581,0.0,3.49,0.0,86.41,0.0,0.0,0.0,0.46,0.46,0.0,0.0,0.09,0.0,2.02,0.0,0.0,0.0,0.0,0.0,0.0,0.0,7.07,0.0,0.0
10.827096,21.72,0.0,18.73,0.0,43.07,0.0,5.42,0.0,7.25,3.21,0.0,0.0,0.0,0.0,3.21,0.0,0.0,0.0,0.0,0.0,19.1,0.0,0.0,0.0,0.0
11.770471,21.72,0.55,5.42,0.0,11.57,0.0,35.81,3.21,3.21,0.37,0.0,1.1,0.37,0.28,1.01,0.0,0.0,0.0,0.0,0.0,37.1,0.0,0.0,0.0,0.0
12.066994,21.72,1.29,9.73,0.0,5.88,0.0,73.37,0.55,0.0,0.28,0.0,1.19,5.51,0.0,2.2,0.0,0.0,0.0,0.0,0.0,0.0,0.0,0.0,0.0,0.0
12.066994,21.72,0.0,6.24,0.0,0.0,0.0,92.19,0.0,0.18,0.0,0.0,0.0,1.38,0.0,0.0,0.0,0.0,0.0,0.0,0.0,0.0,0.0,0.0,0.0,0.0
12.066994,21.72,0.0,11.66,0.0,9.64,0.0,74.56,0.0,1.74,1.1,0.0,0.0,0.0,0.64,0.0,0.0,0.0,0.0,0.0,0.0,0.0,0.0,0.64,0.0,0.0
12.066994,21.72,0.0,20.2,0.0,27.82,0.0,5.14,0.0,0.0,4.68,0.0,0.0,0.0,24.7,0.0,0.0,0.0,0.0,0.0,0.0,0.0,0.0,17.45,0.0,0.0
12.066994,21.72,0.0,45.0,10.56,17.45,0.0,1.56,0.0,0.0,2.39,0.0,1.1,0.0,20.66,1.29,0.0,0.0,0.0,0.0,0.0,0.0,0.0,0.0,0.0,0.0
12.066994,21.72,0.0,32.23,9.09,0.0,0.0,50.6,0.0,0.0,0.0,0.0,0.0,0.0,0.0,8.08,0.0,0.0,0.0,0.0,0.0,0.0,0.0,0.0,0.0,0.0
12.066994,21.72,0.0,0.0,0.0,0.0,0.0,98.07,0.0,0.0,0.0,0.0,0.0,1.93,0.0,0.0,0.0,0.0,0.0,0.0,0.0,0.0,0.0,0.0,0.0,0.0
12.066994,21.72,0.0,8.36,0.0,0.0,0.0,88.52,0.0,0.0,0.0,0.0,0.0,3.12,0.0,0.0,0.0,0.0,0.0,0.0,0.0,0.0,0.0,0.0,0.0,0.0
12.066994,21.72,0.0,67.77,0.0,0.0,0.0,22.31,0.0,0.0,0.0,0.0,9.92,0.0,0.0,0.0,0.0,0.0,0.0,0.0,0.0,0.0,0.0,0.0,0.0,0.0
12.066994,21.72,0.0,39.58,0.0,0.0,0.46,36.36,0.0,0.0,0.0,0.0,0.0,23.6,0.0,0.0,0.0,0.0,0.0,0.0,0.0,0.0,0.0,0.0,0.0,0.0
11.638435,21.72,0.0,15.89,0.0,0.0,2.02,36.18,0.0,0.0,0.28,0.0,0.0,45.64,0.0,0.0,0.0,0.0,0.0,0.0,0.0,0.0,0.0,0.0,0.0,0.0
11.237186,21.72,0.0,1.38,0.0,0.0,0.0,66.57,0.0,0.0,0.0,0.0,0.0,32.05,0.0,0.0,0.0,0.0,0.0,0.0,0.0,0.0,0.0,0.0,0.0,0.0
11.237186,21.72,0.0,36.55,0.0,0.0,4.04,57.3,0.0,0.0,1.84,0.0,0.28,0.0,0.0,0.0,0.0,0.0,0.0,0.0,0.0,0.0,0.0,0.0,0.0,0.0
11.237186,21.72,0.0,33.7,0.0,0.0,0.09,61.16,0.0,3.86,0.09,0.0,0.09,1.01,0.0,0.0,0.0,0.0,0.0,0.0,0.0,0.0,0.0,0.0,0.0,0.0
11.237186,21.72,0.0,12.3,0.0,0.0,0.0,78.88,0.0,0.0,0.28,0.0,0.0,0.0,8.54,0.0,0.0,0.0,0.0,0.0,0.0,0.0,0.0,0.0,0.0,0.0
11.237186,21.72,0.0,4.87,0.0,0.0,0.0,91.28,0.0,1.93,0.0,0.0,0.0,1.93,0.0,0.0,0.0,0.0,0.0,0.0,0.0,0.0,0.0,0.0,0.0,0.0
11.237186,21.72,0.0,39.39,0.0,0.0,0.0,53.08,0.0,0.0,1.01,0.0,0.0,6.52,0.0,0.0,0.0,0.0,0.0,0.0,0.0,0.0,0.0,0.0,0.0,0.0
11.237186,21.72,0.0,15.15,0.0,0.0,0.0,81.36,0.0,0.0,1.56,0.0,0.0,1.93,0.0,0.0,0.0,0.0,0.0,0.0,0.0,0.0,0.0,0.0,0.0,0.0
11.237186,21.72,0.0,6.52,0.0,0.0,0.0,90.73,0.0,0.0,2.75,0.0,0.0,0.0,0.0,0.0,0.0,0.0,0.0,0.0,0.0,0.0,0.0,0.0,0.0,0.0
11.237186,21.72,0.0,16.71,0.0,0.0,0.0,77.69,0.0,0.0,4.32,0.0,1.29,0.0,0.0,0.0,0.0,0.0,0.0,0.0,0.0,0.0,0.0,0.0,0.0,0.0
11.237186,21.72,6.06,38.11,9.73,13.5,0.0,17.91,9.37,1.19,0.83,1.29,0.0,0.0,0.0,2.02,0.0,0.0,0.0,0.0,0.0,0.0,0.0,0.0,0.0,0.0
10.333979,21.72,0.0,54.73,0.0,21.67,0.0,0.0,0.0,8.45,0.46,13.41,0.0,0.0,0.0,1.29,0.0,0.0,0.0,0.0,0.0,0.0,0.0,0.0,0.0,0.0
7.917323,21.72,0.0,27.73,1.01,49.31,0.0,0.0,0.0,0.0,1.1,13.68,0.0,0.0,0.0,0.0,0.64,0.0,0.0,6.52,0.0,0.0,0.0,0.0,0.0,0.0
7.917323,21.72,0.0,56.38,10.84,28.56,0.0,0.0,0.0,0.0,0.0,0.0,0.0,0.0,0.0,0.0,0.64,0.0,0.0,3.58,0.0,0.0,0.0,0.0,0.0,0.0
10.827096,21.467,0.0,35.2,7.6,17.89,0.0,9.24,3.74,0.0,2.46,0.0,0.0,17.54,0.0,0.0,0.58,5.61,0.12,0.0,0.0,0.0,0.0,0.0,0.0,0.0
10.827096,21.581,5.88,12.03,0.0,30.58,0.0,6.8,9.92,28.56,0.37,0.0,0.0,2.66,0.0,2.3,0.0,0.0,0.92,0.0,0.0,0.0,0.0,0.0,0.0,0.0
10.827096,21.72,1.38,2.85,0.0,17.26,0.0,47.2,2.85,24.98,0.64,0.0,0.46,0.0,0.0,2.39,0.0,0.0,0.0,0.0,0.0,0.0,0.0,0.0,0.0,0.0
11.770471,21.72,7.25,0.09,0.0,40.04,0.0,39.94,3.4,6.24,0.73,0.0,0.55,0.92,0.0,0.83,0.0,0.0,0.0,0.0,0.0,0.0,0.0,0.0,0.0,0.0
12.066994,21.72,7.99,5.05,0.0,14.14,0.0,58.95,4.04,1.93,1.65,0.0,2.57,1.19,0.0,2.48,0.0,0.0,0.0,0.0,0.0,0.0,0.0,0.0,0.0,0.0
12.066994,21.72,0.0,5.6,0.0,6.7,0.0,63.09,7.16,1.47,0.37,0.0,0.0,10.84,0.0,4.78,0.0,0.0,0.0,0.0,0.0,0.0,0.0,0.0,0.0,0.0
12.066994,21.72,0.0,7.9,0.0,71.81,0.0,13.41,0.0,0.55,3.03,0.0,0.0,1.93,0.0,0.0,0.0,0.0,0.0,0.0,0.0,0.0,0.0,1.38,0.0,0.0
12.066994,21.72,0.0,0.0,0.0,83.75,0.0,0.0,0.0,0.0,0.92,0.0,0.0,0.0,0.0,0.0,0.0,0.0,0.0,0.0,0.0,0.0,0.0,15.34,0.0,0.0
12.066994,21.72,0.0,49.4,0.73,33.98,0.0,2.39,0.0,0.0,4.13,0.0,0.0,7.62,1.74,0.0,0.0,0.0,0.0,0.0,0.0,0.0,0.0,0.0,0.0,0.0
12.066994,21.72,0.0,1.74,1.56,0.0,0.0,92.65,2.3,0.0,0.0,0.0,0.0,0.55,1.19,0.0,0.0,0.0,0.0,0.0,0.0,0.0,0.0,0.0,0.0,0.0
12.066994,21.72,0.0,6.15,0.0,0.0,0.0,93.85,0.0,0.0,0.0,0.0,0.0,0.0,0.0,0.0,0.0,0.0,0.0,0.0,0.0,0.0,0.0,0.0,0.0,0.0
12.066994,21.72,0.0,4.22,0.0,0.0,0.0,92.84,0.0,0.0,0.09,0.0,0.0,1.47,0.55,0.83,0.0,0.0,0.0,0.0,0.0,0.0,0.0,0.0,0.0,0.0
12.066994,21.72,0.0,18.73,0.0,0.0,0.0,75.76,0.0,0.0,0.09,0.0,0.0,0.0,2.85,0.73,1.84,0.0,0.0,0.0,0.0,0.0,0.0,0.0,0.0,0.0
12.066994,21.72,0.0,24.79,0.0,0.0,0.0,74.66,0.0,0.0,0.28,0.0,0.0,0.28,0.0,0.0,0.0,0.0,0.0,0.0,0.0,0.0,0.0,0.0,0.0,0.0
11.638435,21.72,0.0,6.61,0.0,0.0,8.82,9.37,0.0,0.0,0.28,0.0,0.0,74.93,0.0,0.0,0.0,0.0,0.0,0.0,0.0,0.0,0.0,0.0,0.0,0.0
11.237186,21.72,0.0,8.08,0.0,0.0,18.09,0.09,0.0,0.0,0.46,0.0,0.0,71.07,2.2,0.0,0.0,0.0,0.0,0.0,0.0,0.0,0.0,0.0,0.0,0.0
11.237186,21.72,0.0,13.04,0.0,8.08,0.0,25.62,0.0,0.0,3.03,0.0,0.0,49.49,0.73,0.0,0.0,0.0,0.0,0.0,0.0,0.0,0.0,0.0,0.0,0.0
11.237186,21.72,0.0,19.1,0.0,23.42,13.77,11.48,0.0,0.0,4.5,0.0,0.0,0.0,0.0,0.0,0.0,0.0,0.0,0.0,0.0,0.0,0.0,0.0,27.73,0.0
11.237186,21.72,0.0,27.55,0.0,7.71,9.55,25.25,0.0,0.0,5.97,0.0,0.0,0.0,2.48,0.0,0.0,0.0,0.0,0.0,0.0,0.0,0.0,0.0,21.49,0.0
11.237186,21.72,0.0,38.02,1.19,0.83,3.86,48.85,0.0,0.73,1.65,0.0,1.29,3.12,0.0,0.0,0.0,0.0,0.0,0.0,0.0,0.0,0.0,0.0,0.46,0.0
11.237186,21.72,0.0,99.08,0.0,0.0,0.0,0.0,0.0,0.0,0.0,0.0,0.0,0.92,0.0,0.0,0.0,0.0,0.0,0.0,0.0,0.0,0.0,0.0,0.0,0.0
11.237186,21.72,0.0,41.41,1.47,0.0,0.0,51.88,0.46,1.56,0.0,0.0,0.73,0.0,0.0,2.39,0.09,0.0,0.0,0.0,0.0,0.0,0.0,0.0,0.0,0.0
11.237186,21.72,0.0,5.42,1.84,0.0,0.0,81.91,0.18,3.21,0.18,0.0,0.46,0.0,1.01,5.79,0.0,0.0,0.0,0.0,0.0,0.0,0.0,0.0,0.0,0.0
11.237186,21.72,0.0,27.73,14.6,0.0,0.0,39.39,3.4,4.32,0.28,0.0,5.14,0.0,0.0,5.14,0.0,0.0,0.0,0.0,0.0,0.0,0.0,0.0,0.0,0.0
11.237186,21.72,0.0,83.93,0.55,2.3,0.0,2.94,0.0,0.64,4.68,0.0,4.96,0.0,0.0,0.0,0.0,0.0,0.0,0.0,0.0,0.0,0.0,0.0,0.0,0.0
10.333979,21.72,0.0,95.59,0.0,0.0,0.0,0.0,0.0,0.0,4.41,0.0,0.0,0.0,0.0,0.0,0.0,0.0,0.0,0.0,0.0,0.0,0.0,0.0,0.0,0.0
7.917323,21.72,0.0,62.9,3.21,0.0,0.0,8.72,0.0,0.0,5.14,19.28,0.0,0.0,0.0,0.0,0.0,0.0,0.0,0.73,0.0,0.0,0.0,0.0,0.0,0.0
7.917323,21.72,2.94,22.13,16.71,2.02,0.0,47.75,0.0,0.0,5.69,0.0,0.0,2.39,0.0,0.0,0.0,0.0,0.0,0.37,0.0,0.0,0.0,0.0,0.0,0.0
9.944163,21.467,0.0,40.45,0.0,26.97,0.0,0.0,0.0,0.0,8.99,0.0,0.0,0.0,0.0,0.0,0.56,23.03,0.0,0.0,0.0,0.0,0.0,0.0,0.0,0.0
9.944163,21.581,0.0,1.52,0.0,61.81,0.0,0.0,12.48,3.71,1.14,0.19,0.0,0.0,0.0,18.1,0.57,0.0,0.48,0.0,0.0,0.0,0.0,0.0,0.0,0.0
9.944163,21.72,3.4,0.0,0.0,20.48,0.0,20.84,19.1,24.79,1.1,0.64,0.0,0.0,0.0,9.64,0.0,0.0,0.0,0.0,0.0,0.0,0.0,0.0,0.0,0.0
10.72042,21.72,11.29,0.0,0.0,20.66,0.0,29.2,9.09,26.45,0.73,0.0,0.55,0.0,0.0,2.02,0.0,0.0,0.0,0.0,0.0,0.0,0.0,0.0,0.0,0.0
10.964416,21.72,0.18,4.32,0.0,43.53,0.0,18.92,13.13,12.4,0.92,0.0,1.56,0.0,0.0,4.04,0.0,0.0,1.01,0.0,0.0,0.0,0.0,0.0,0.0,0.0
10.964416,21.72,7.9,4.22,0.0,72.54,0.0,1.56,1.93,0.0,3.31,0.0,0.0,8.54,0.0,0.0,0.0,0.0,0.0,0.0,0.0,0.0,0.0,0.0,0.0,0.0
10.964416,21.72,0.0,6.15,0.0,93.2,0.0,0.0,0.0,0.0,0.0,0.0,0.0,0.64,0.0,0.0,0.0,0.0,0.0,0.0,0.0,0.0,0.0,0.0,0.0,0.0
10.964416,21.72,3.95,13.22,0.0,55.0,0.0,22.31,0.0,3.76,1.74,0.0,0.0,0.0,0.0,0.0,0.0,0.0,0.0,0.0,0.0,0.0,0.0,0.0,0.0,0.0
10.964416,21.72,0.0,35.45,0.0,0.0,0.0,58.22,0.0,0.0,0.0,0.0,0.0,6.34,0.0,0.0,0.0,0.0,0.0,0.0,0.0,0.0,0.0,0.0,0.0,0.0
10.964416,21.72,0.0,3.03,0.0,0.0,0.0,96.97,0.0,0.0,0.0,0.0,0.0,0.0,0.0,0.0,0.0,0.0,0.0,0.0,0.0,0.0,0.0,0.0,0.0,0.0
10.964416,21.72,0.0,5.79,0.0,0.0,0.0,94.03,0.0,0.0,0.0,0.0,0.0,0.18,0.0,0.0,0.0,0.0,0.0,0.0,0.0,0.0,0.0,0.0,0.0,0.0
10.964416,21.72,0.0,2.85,0.0,0.0,0.0,95.68,0.0,0.0,0.0,0.0,0.0,1.47,0.0,0.0,0.0,0.0,0.0,0.0,0.0,0.0,0.0,0.0,0.0,0.0
10.964416,21.72,0.0,5.69,0.0,0.0,0.0,88.61,0.0,0.0,0.0,0.0,1.1,3.49,0.0,0.0,1.1,0.0,0.0,0.0,0.0,0.0,0.0,0.0,0.0,0.0
10.964416,21.72,0.0,3.03,0.0,0.0,0.0,73.09,0.0,0.0,0.0,0.0,0.0,6.34,0.0,0.28,0.0,0.0,0.0,17.26,0.0,0.0,0.0,0.0,0.0,0.0
10.566775,21.72,0.0,3.67,0.0,0.0,0.0,67.68,0.0,0.0,0.37,0.0,0.0,28.28,0.0,0.0,0.0,0.0,0.0,0.0,0.0,0.0,0.0,0.0,0.0,0.0
10.194474,21.72,0.0,0.0,0.0,0.0,0.0,50.41,0.0,0.0,0.18,0.0,0.0,47.75,1.65,0.0,0.0,0.0,0.0,0.0,0.0,0.0,0.0,0.0,0.0,0.0
10.194474,21.72,0.0,7.35,5.88,2.94,0.0,51.88,0.0,0.0,3.58,0.0,0.0,23.51,4.87,0.0,0.0,0.0,0.0,0.0,0.0,0.0,0.0,0.0,0.0,0.0
10.194474,21.72,0.0,5.69,20.57,4.78,8.08,2.66,0.0,0.0,0.64,0.0,0.0,0.0,0.0,0.0,0.0,0.0,0.0,0.0,0.0,0.0,0.0,0.0,57.58,0.0
10.194474,21.72,0.0,0.0,0.0,0.0,64.46,0.0,0.0,0.0,0.0,0.0,0.0,0.0,0.0,0.0,0.0,0.0,0.0,0.0,0.0,0.0,0.0,0.0,35.54,0.0
10.194474,21.72,0.0,58.03,9.37,0.0,8.63,0.0,0.0,0.0,0.83,0.0,0.0,0.0,0.0,0.0,0.0,11.66,0.0,0.09,0.0,0.0,0.0,0.0,11.39,0.0
10.194474,21.72,0.0,62.35,6.8,0.0,5.79,0.0,0.0,0.0,1.1,0.0,0.0,0.0,0.0,0.0,0.0,9.37,0.0,14.6,0.0,0.0,0.0,0.0,0.0,0.0
10.194474,21.72,0.0,48.12,22.87,6.43,5.69,2.57,0.0,0.37,6.43,0.0,0.0,0.0,0.0,0.0,0.0,0.0,0.0,0.0,0.0,7.53,0.0,0.0,0.0,0.0
10.194474,21.72,3.49,4.04,10.38,46.92,2.11,4.04,0.0,12.95,5.79,0.0,0.0,0.0,0.0,0.0,0.18,0.0,0.0,0.0,0.0,10.1,0.0,0.0,0.0,0.0
10.194474,21.72,3.76,4.04,20.84,36.27,0.0,2.48,4.87,5.79,3.31,0.0,0.0,0.0,0.0,5.97,0.18,0.0,0.0,2.85,0.0,3.67,0.0,0.0,0.0,5.97
10.194474,21.72,0.0,23.14,7.07,61.25,0.0,0.0,0.0,0.09,1.84,0.0,0.0,0.0,0.0,0.0,0.83,0.0,0.0,1.74,0.0,0.0,0.0,0.0,0.0,4.04
9.40161,21.72,0.0,60.33,28.28,4.59,5.88,0.0,0.0,0.0,0.09,0.0,0.0,0.0,0.0,0.0,0.83,0.0,0.0,0.0,0.0,0.0,0.0,0.0,0.0,0.0
7.2801948,21.72,0.0,53.63,19.74,25.34,0.0,0.0,0.0,0.0,0.28,0.0,0.0,0.0,0.0,0.0,0.64,0.0,0.37,0.0,0.0,0.0,0.0,0.0,0.0,0.0
7.2801948,21.72,0.0,0.0,33.88,29.84,0.0,35.9,0.0,0.0,0.0,0.0,0.0,0.0,0.0,0.0,0.37,0.0,0.0,0.0,0.0,0.0,0.0,0.0,0.0,0.0
9.275109,21.581,6.97,19.63,0.0,65.01,0.0,0.0,0.0,0.0,3.7,0.0,0.0,0.0,0.0,0.0,1.0,0.0,3.7,0.0,0.0,0.0,0.0,0.0,0.0,0.0
9.275109,21.72,12.86,0.0,0.0,55.74,0.0,0.0,17.91,5.33,1.1,0.0,0.0,0.0,0.0,3.12,0.0,0.0,3.95,0.0,0.0,0.0,0.0,0.0,0.0,0.0
9.92473,21.72,12.49,0.0,0.0,27.18,0.0,0.0,19.65,27.64,0.64,2.94,0.0,1.29,0.0,8.17,0.0,0.0,0.0,0.0,0.0,0.0,0.0,0.0,0.0,0.0
10.1289215,21.72,24.61,18.46,0.0,22.77,0.0,0.0,15.24,4.59,0.46,7.07,0.0,0.0,0.0,6.8,0.0,0.0,0.0,0.0,0.0,0.0,0.0,0.0,0.0,0.0
10.1289215,21.72,15.98,34.99,0.0,22.22,0.0,20.11,1.56,2.94,0.18,0.0,2.02,0.0,0.0,0.0,0.0,0.0,0.0,0.0,0.0,0.0,0.0,0.0,0.0,0.0
10.1289215,21.72,0.0,44.9,0.0,0.64,0.0,50.87,0.0,0.0,0.0,0.0,3.58,0.0,0.0,0.0,0.0,0.0,0.0,0.0,0.0,0.0,0.0,0.0,0.0,0.0
10.1289215,21.72,0.09,8.63,0.0,0.18,0.0,80.9,2.39,0.0,0.0,0.0,2.11,1.1,0.0,1.1,0.0,0.0,0.0,3.49,0.0,0.0,0.0,0.0,0.0,0.0
10.1289215,21.72,0.0,7.25,4.96,0.0,0.0,76.03,0.0,2.3,0.0,0.0,0.0,1.19,0.0,8.26,0.0,0.0,0.0,0.0,0.0,0.0,0.0,0.0,0.0,0.0
10.1289215,21.72,1.01,3.12,2.48,0.0,0.0,91.92,0.0,0.0,0.0,0.0,0.0,1.47,0.0,0.0,0.0,0.0,0.0,0.0,0.0,0.0,0.0,0.0,0.0,0.0
10.1289215,21.72,0.0,12.76,0.0,0.0,0.0,73.65,0.0,1.19,0.0,0.0,4.13,8.26,0.0,0.0,0.0,0.0,0.0,0.0,0.0,0.0,0.0,0.0,0.0,0.0
10.1289215,21.72,0.0,0.0,0.0,0.0,0.0,98.07,0.0,0.0,0.0,0.0,1.93,0.0,0.0,0.0,0.0,0.0,0.0,0.0,0.0,0.0,0.0,0.0,0.0,0.0
10.1289215,21.72,0.0,6.06,0.0,0.0,0.0,92.65,0.0,0.0,0.55,0.0,0.0,0.64,0.0,0.0,0.09,0.0,0.0,0.0,0.0,0.0,0.0,0.0,0.0,0.0
10.1289215,21.72,0.0,5.97,0.0,0.0,0.0,66.48,0.0,0.0,0.28,0.0,0.0,0.0,0.0,1.65,0.0,0.0,0.0,25.62,0.0,0.0,0.0,0.0,0.0,0.0
9.75471,21.72,0.0,0.73,0.0,0.0,0.0,94.86,0.0,0.0,0.09,0.0,0.0,2.11,2.2,0.0,0.0,0.0,0.0,0.0,0.0,0.0,0.0,0.0,0.0,0.0
9.404344,21.72,0.0,0.0,0.0,0.0,0.0,100.0,0.0,0.0,0.0,0.0,0.0,0.0,0.0,0.0,0.0,0.0,0.0,0.0,0.0,0.0,0.0,0.0,0.0,0.0
9.404344,21.72,0.0,16.16,0.0,0.0,0.0,75.76,0.0,0.0,1.56,0.0,0.09,6.43,0.0,0.0,0.0,0.0,0.0,0.0,0.0,0.0,0.0,0.0,0.0,0.0
9.404344,21.72,0.0,22.59,1.74,2.3,0.0,43.89,0.83,0.0,1.19,0.0,1.56,5.14,0.0,0.0,0.0,0.0,0.0,0.0,0.0,0.0,0.0,0.0,20.75,0.0
9.404344,21.72,0.0,6.61,9.55,24.06,8.17,10.01,0.73,0.0,0.73,0.0,0.0,0.0,0.37,0.0,0.0,0.0,0.0,0.0,0.0,0.0,0.0,0.0,39.76,0.0
9.404344,21.72,0.0,61.52,28.47,0.46,1.01,0.0,0.0,0.0,1.19,0.0,0.0,0.0,3.21,0.0,0.0,0.92,0.0,0.0,0.0,0.0,0.0,0.0,3.21,0.0
9.404344,21.72,0.0,47.84,47.75,0.0,0.0,0.0,0.0,0.0,1.56,0.0,0.0,0.0,0.0,0.0,0.0,0.0,0.0,2.85,0.0,0.0,0.0,0.0,0.0,0.0
9.404344,21.72,0.0,90.17,4.13,0.0,0.0,0.0,0.0,0.0,1.1,0.0,0.0,0.0,0.0,0.0,0.0,0.0,0.0,4.59,0.0,0.0,0.0,0.0,0.0,0.0
9.404344,21.72,0.0,71.63,9.09,14.14,2.94,0.0,0.0,0.0,2.2,0.0,0.0,0.0,0.0,0.0,0.0,0.0,0.0,0.0,0.0,0.0,0.0,0.0,0.0,0.0
9.404344,21.72,0.0,2.66,61.98,24.7,5.14,0.0,0.0,0.0,2.75,0.0,0.0,0.0,0.0,0.0,0.0,0.0,0.0,2.75,0.0,0.0,0.0,0.0,0.0,0.0
9.404344,21.72,0.0,3.31,81.73,7.35,4.96,0.0,0.0,0.0,1.65,0.0,0.0,0.0,0.0,0.0,0.0,0.0,0.0,1.01,0.0,0.0,0.0,0.0,0.0,0.0
8.695094,21.72,0.0,12.95,81.18,0.0,3.86,0.0,0.0,0.0,1.38,0.64,0.0,0.0,0.0,0.0,0.0,0.0,0.0,0.0,0.0,0.0,0.0,0.0,0.0,0.0
6.797401,21.72,0.0,9.37,76.68,2.57,5.88,0.0,0.0,0.0,2.3,1.74,0.0,0.0,0.0,0.0,0.0,0.0,1.47,0.0,0.0,0.0,0.0,0.0,0.0,0.0
6.797401,21.72,0.0,18.64,70.52,2.66,5.88,0.0,0.0,0.0,2.3,0.0,0.0,0.0,0.0,0.0,0.0,0.0,0.0,0.0,0.0,0.0,0.0,0.0,0.0,0.0
9.275109,21.581,0.0,77.72,0.0,16.93,0.0,0.0,0.0,0.0,0.28,0.0,0.0,0.0,0.0,5.08,0.0,0.0,0.0,0.0,0.0,0.0,0.0,0.0,0.0,0.0
9.275109,21.72,3.4,18.09,0.0,73.83,0.0,0.0,0.0,3.86,0.64,0.0,0.0,0.0,0.0,0.0,0.18,0.0,0.0,0.0,0.0,0.0,0.0,0.0,0.0,0.0
9.92473,21.72,0.0,32.32,0.0,37.19,0.0,8.63,2.57,2.75,2.2,0.0,0.0,4.68,0.0,9.64,0.0,0.0,0.0,0.0,0.0,0.0,0.0,0.0,0.0,0.0
10.1289215,21.72,0.0,25.71,0.73,5.51,0.0,40.31,7.81,10.47,0.64,0.0,0.64,0.0,0.0,8.17,0.0,0.0,0.0,0.0,0.0,0.0,0.0,0.0,0.0,0.0
10.1289215,21.72,0.73,2.2,0.0,26.81,0.0,35.63,9.09,16.07,1.1,0.0,0.0,0.0,0.28,8.08,0.0,0.0,0.0,0.0,0.0,0.0,0.0,0.0,0.0,0.0
10.1289215,21.72,13.04,3.4,0.0,51.33,0.0,13.04,7.9,4.22,0.64,0.0,0.0,0.0,1.47,4.32,0.0,0.0,0.64,0.0,0.0,0.0,0.0,0.0,0.0,0.0
10.1289215,21.72,8.26,0.0,8.54,62.99,0.0,10.38,2.02,1.29,1.84,0.0,0.0,0.46,0.0,3.31,0.0,0.0,0.0,0.92,0.0,0.0,0.0,0.0,0.0,0.0
10.1289215,21.72,0.18,9.37,25.44,8.36,0.0,41.87,5.33,1.56,0.46,0.0,0.0,0.0,0.0,6.98,0.0,0.0,0.46,0.0,0.0,0.0,0.0,0.0,0.0,0.0
10.1289215,21.72,4.87,13.77,67.68,1.19,0.0,10.74,0.0,0.73,0.09,0.0,0.0,0.0,0.0,0.92,0.0,0.0,0.0,0.0,0.0,0.0,0.0,0.0,0.0,0.0
10.1289215,21.72,0.0,2.39,47.47,6.06,0.0,25.34,1.84,1.29,0.37,0.0,0.0,0.18,0.0,12.58,0.0,0.0,2.48,0.0,0.0,0.0,0.0,0.0,0.0,0.0
10.1289215,21.72,0.0,0.0,35.26,0.0,0.0,59.78,0.64,0.0,0.0,0.0,3.86,0.0,0.0,0.0,0.0,0.0,0.46,0.0,0.0,0.0,0.0,0.0,0.0,0.0
10.1289215,21.72,0.0,14.23,0.0,0.0,0.0,83.1,0.0,0.0,1.01,0.0,0.0,1.65,0.0,0.0,0.0,0.0,0.0,0.0,0.0,0.0,0.0,0.0,0.0,0.0
10.1289215,21.72,0.0,9.92,0.0,0.0,0.0,86.32,0.0,0.0,0.0,0.0,3.67,0.09,0.0,0.0,0.0,0.0,0.0,0.0,0.0,0.0,0.0,0.0,0.0,0.0
9.75471,21.72,0.0,0.92,0.0,0.0,0.0,96.05,0.0,0.0,0.18,0.0,0.0,0.37,2.48,0.0,0.0,0.0,0.0,0.0,0.0,0.0,0.0,0.0,0.0,0.0
9.404344,21.72,0.0,2.57,0.0,0.0,0.0,94.03,0.0,0.0,0.0,0.0,0.0,3.4,0.0,0.0,0.0,0.0,0.0,0.0,0.0,0.0,0.0,0.0,0.0,0.0
9.404344,21.72,0.0,22.59,0.0,0.0,0.0,71.99,0.0,0.0,0.0,0.0,0.18,0.0,0.0,5.23,0.0,0.0,0.0,0.0,0.0,0.0,0.0,0.0,0.0,0.0
9.404344,21.72,0.0,60.24,0.0,0.0,0.0,32.78,0.0,0.0,0.0,0.0,3.76,2.11,0.0,1.1,0.0,0.0,0.0,0.0,0.0,0.0,0.0,0.0,0.0,0.0
9.404344,21.72,0.0,23.14,4.78,0.0,0.0,66.67,0.0,0.0,0.09,0.0,0.0,0.0,5.33,0.0,0.0,0.0,0.0,0.0,0.0,0.0,0.0,0.0,0.0,0.0
9.404344,21.72,0.0,33.52,22.96,0.0,0.0,39.58,0.0,0.0,0.28,0.0,0.0,2.02,1.65,0.0,0.0,0.0,0.0,0.0,0.0,0.0,0.0,0.0,0.0,0.0
9.404344,21.72,0.0,5.42,77.13,0.0,0.0,10.38,1.74,4.41,0.0,0.0,0.0,0.37,0.0,0.55,0.0,0.0,0.0,0.0,0.0,0.0,0.0,0.0,0.0,0.0
9.404344,21.72,0.0,4.68,20.48,0.0,0.0,35.63,4.41,0.0,0.0,0.0,0.0,8.08,0.0,1.19,0.0,0.0,0.0,25.53,0.0,0.0,0.0,0.0,0.0,0.0
9.404344,21.72,5.42,41.41,27.92,0.0,0.0,17.54,0.0,1.47,0.0,0.0,2.02,0.0,0.28,2.75,0.0,0.0,0.0,1.19,0.0,0.0,0.0,0.0,0.0,0.0
9.404344,21.72,0.0,37.19,55.65,3.03,2.94,0.0,0.0,0.0,1.01,0.0,0.0,0.0,0.18,0.0,0.0,0.0,0.0,0.0,0.0,0.0,0.0,0.0,0.0,0.0
9.404344,21.72,0.0,0.0,75.11,0.0,0.0,0.0,0.0,0.0,0.0,10.74,0.0,0.0,5.23,8.91,0.0,0.0,0.0,0.0,0.0,0.0,0.0,0.0,0.0,0.0
8.695094,21.72,1.19,1.19,83.1,0.0,0.0,4.22,0.18,0.18,0.0,4.96,0.0,0.0,0.0,4.32,0.0,0.0,0.64,0.0,0.0,0.0,0.0,0.0,0.0,0.0
6.797401,21.72,0.0,2.11,53.54,12.95,0.0,6.15,3.12,0.0,0.0,0.0,0.0,0.09,0.0,22.04,0.0,0.0,0.0,0.0,0.0,0.0,0.0,0.0,0.0,0.0
6.797401,21.72,0.0,0.0,62.72,15.79,2.57,0.0,0.0,0.0,0.0,0.0,0.0,6.34,0.0,3.31,0.0,0.0,0.0,0.0,0.0,0.0,0.0,0.37,8.91,0.0
9.275109,21.467,3.95,10.67,0.0,42.4,0.73,0.0,4.82,21.49,0.0,0.0,0.58,2.34,0.0,0.88,0.0,0.0,0.0,0.0,0.0,0.0,0.0,12.13,0.0,0.0
9.275109,21.581,10.24,11.46,0.0,28.56,0.0,5.02,0.0,9.42,0.31,2.15,0.0,0.0,0.0,32.04,0.0,0.0,0.82,0.0,0.0,0.0,0.0,0.0,0.0,0.0
9.275109,21.72,6.15,39.67,0.0,24.24,0.0,18.55,0.0,0.0,1.29,0.0,2.2,0.0,0.0,6.98,0.92,0.0,0.0,0.0,0.0,0.0,0.0,0.0,0.0,0.0
9.92473,21.72,16.99,13.31,0.37,24.61,0.0,6.43,8.17,22.59,0.83,0.0,2.2,0.0,0.0,3.4,1.1,0.0,0.0,0.0,0.0,0.0,0.0,0.0,0.0,0.0
10.1289215,21.72,19.47,0.0,0.0,27.09,0.0,10.47,12.03,24.89,1.38,0.0,0.0,0.0,0.0,3.58,0.0,0.0,1.1,0.0,0.0,0.0,0.0,0.0,0.0,0.0
10.1289215,21.72,0.0,1.56,1.56,57.21,0.0,0.83,0.18,16.25,1.19,7.53,0.0,0.0,0.0,13.5,0.0,0.0,0.18,0.0,0.0,0.0,0.0,0.0,0.0,0.0
10.1289215,21.72,5.23,2.11,53.99,34.44,0.0,0.0,0.0,0.0,1.19,0.0,0.0,0.0,0.0,0.0,0.0,0.0,3.03,0.0,0.0,0.0,0.0,0.0,0.0,0.0
10.1289215,21.72,0.0,0.55,33.61,45.73,0.0,0.0,0.0,0.0,0.64,12.21,0.0,3.12,1.56,1.01,0.0,0.0,1.56,0.0,0.0,0.0,0.0,0.0,0.0,0.0
10.1289215,21.72,1.84,7.71,0.0,33.98,0.0,42.61,1.56,0.0,1.19,0.0,0.0,0.0,0.0,11.11,0.0,0.0,0.0,0.0,0.0,0.0,0.0,0.0,0.0,0.0
10.1289215,21.72,8.63,0.28,53.81,28.83,0.0,5.05,1.47,1.1,0.83,0.0,0.0,0.0,0.0,0.0,0.0,0.0,0.0,0.0,0.0,0.0,0.0,0.0,0.0,0.0
10.1289215,21.72,0.0,2.57,94.77,1.01,0.0,0.0,0.0,0.0,0.0,0.0,0.0,0.0,0.0,0.0,0.0,0.0,1.65,0.0,0.0,0.0,0.0,0.0,0.0,0.0
10.1289215,21.72,0.0,1.19,67.77,0.0,0.0,14.78,0.0,0.0,0.0,15.34,0.0,0.0,0.0,0.73,0.0,0.0,0.0,0.0,0.0,0.18,0.0,0.0,0.0,0.0
10.1289215,21.72,0.0,20.84,0.0,0.0,0.0,54.55,0.0,0.0,1.1,0.0,2.02,21.49,0.0,0.0,0.0,0.0,0.0,0.0,0.0,0.0,0.0,0.0,0.0,0.0
10.1289215,21.72,0.0,8.82,0.0,0.0,0.0,72.54,0.0,0.0,1.1,0.0,3.86,11.2,2.48,0.0,0.0,0.0,0.0,0.0,0.0,0.0,0.0,0.0,0.0,0.0
9.75471,21.72,0.0,3.58,0.0,0.0,0.0,89.99,0.0,0.0,0.28,0.0,0.0,2.94,1.56,1.65,0.0,0.0,0.0,0.0,0.0,0.0,0.0,0.0,0.0,0.0
9.404344,21.72,0.0,4.78,0.0,0.0,0.0,71.99,0.0,0.0,0.0,0.0,0.0,6.89,2.02,14.33,0.0,0.0,0.0,0.0,0.0,0.0,0.0,0.0,0.0,0.0
9.404344,21.72,0.0,9.83,0.0,0.0,0.0,73.09,0.0,0.0,0.0,0.0,0.0,0.0,0.0,17.08,0.0,0.0,0.0,0.0,0.0,0.0,0.0,0.0,0.0,0.0
9.404344,21.72,0.0,21.12,0.0,0.0,0.0,63.54,0.18,0.0,0.0,0.0,0.0,0.0,0.0,15.15,0.0,0.0,0.0,0.0,0.0,0.0,0.0,0.0,0.0,0.0
9.404344,21.72,0.0,20.75,0.0,0.0,0.0,79.25,0.0,0.0,0.0,0.0,0.0,0.0,0.0,0.0,0.0,0.0,0.0,0.0,0.0,0.0,0.0,0.0,0.0,0.0
9.404344,21.72,0.0,13.87,0.09,0.0,0.0,80.99,0.0,0.28,0.46,0.0,3.67,0.0,0.64,0.0,0.0,0.0,0.0,0.0,0.0,0.0,0.0,0.0,0.0,0.0
9.404344,21.72,0.46,4.22,10.1,0.0,0.0,68.04,1.01,3.03,0.18,0.0,2.66,1.84,0.0,8.45,0.0,0.0,0.0,0.0,0.0,0.0,0.0,0.0,0.0,0.0
9.404344,21.72,0.0,6.7,0.0,0.0,0.0,79.34,2.3,0.0,0.28,0.0,2.39,8.45,0.0,0.55,0.0,0.0,0.0,0.0,0.0,0.0,0.0,0.0,0.0,0.0
9.404344,21.72,0.0,0.0,0.73,0.0,0.0,94.12,0.0,0.0,0.18,0.0,0.09,0.0,4.87,0.0,0.0,0.0,0.0,0.0,0.0,0.0,0.0,0.0,0.0,0.0
9.404344,21.72,0.0,12.86,27.09,0.0,8.36,44.44,0.0,2.02,0.0,0.0,0.0,0.83,4.41,0.0,0.0,0.0,0.0,0.0,0.0,0.0,0.0,0.0,0.0,0.0
9.404344,21.72,1.01,35.63,54.82,3.76,0.0,0.0,0.0,1.84,0.0,2.94,0.0,0.0,0.0,0.0,0.0,0.0,0.0,0.0,0.0,0.0,0.0,0.0,0.0,0.0
8.695094,21.72,5.23,6.34,21.21,11.2,0.0,38.38,8.82,3.86,0.28,3.76,0.0,0.0,0.0,0.92,0.0,0.0,0.0,0.0,0.0,0.0,0.0,0.0,0.0,0.0
6.797401,21.72,1.65,0.46,18.0,0.64,0.0,20.57,0.0,0.0,0.18,0.0,0.0,0.0,0.64,57.85,0.0,0.0,0.0,0.0,0.0,0.0,0.0,0.0,0.0,0.0
6.797401,21.72,0.0,10.28,7.53,1.47,0.0,0.0,0.0,0.0,0.18,0.0,0.0,0.0,0.0,7.25,1.56,0.0,0.0,3.31,0.0,0.0,0.0,63.18,5.23,0.0
9.275109,21.467,0.0,6.52,2.39,19.56,1.38,39.3,4.04,0.55,0.0,0.0,0.18,13.31,0.0,12.67,0.0,0.0,0.0,0.0,0.0,0.0,0.0,0.09,0.0,0.0
9.275109,21.581,0.37,29.94,0.0,25.62,0.73,11.02,0.0,2.48,1.47,0.0,0.0,0.0,0.0,28.37,0.0,0.0,0.0,0.0,0.0,0.0,0.0,0.0,0.0,0.0
9.275109,21.72,1.84,13.22,0.0,83.56,0.0,0.0,0.0,1.29,0.0,0.0,0.0,0.0,0.0,0.0,0.0,0.0,0.09,0.0,0.0,0.0,0.0,0.0,0.0,0.0
9.92473,21.72,0.0,10.56,25.99,56.84,0.0,0.0,3.31,0.0,0.55,0.0,0.0,0.0,0.0,2.02,0.73,0.0,0.0,0.0,0.0,0.0,0.0,0.0,0.0,0.0
10.1289215,21.72,0.0,1.47,12.21,61.89,0.0,0.0,10.84,2.57,3.4,0.0,0.0,0.0,0.0,0.18,4.32,0.0,3.12,0.0,0.0,0.0,0.0,0.0,0.0,0.0
10.1289215,21.72,0.0,0.0,46.56,51.61,0.0,0.0,0.0,0.0,1.84,0.0,0.0,0.0,0.0,0.0,0.0,0.0,0.0,0.0,0.0,0.0,0.0,0.0,0.0,0.0
10.1289215,21.72,0.0,0.0,98.44,1.47,0.0,0.0,0.0,0.0,0.0,0.0,0.0,0.0,0.0,0.0,0.0,0.0,0.09,0.0,0.0,0.0,0.0,0.0,0.0,0.0
10.1289215,21.72,0.0,5.69,75.3,0.0,0.0,0.0,0.0,0.0,0.0,6.06,0.0,12.76,0.0,0.0,0.0,0.0,0.18,0.0,0.0,0.0,0.0,0.0,0.0,0.0
10.1289215,21.72,0.0,56.93,15.06,24.33,0.0,0.0,0.0,0.0,2.2,0.83,0.0,0.0,0.0,0.64,0.0,0.0,0.0,0.0,0.0,0.0,0.0,0.0,0.0,0.0
10.1289215,21.72,22.5,11.11,0.0,43.25,0.0,0.0,0.55,16.44,2.94,1.84,0.0,0.0,0.0,0.0,0.0,0.0,1.38,0.0,0.0,0.0,0.0,0.0,0.0,0.0
10.1289215,21.72,1.56,0.0,14.88,83.38,0.0,0.0,0.0,0.0,0.18,0.0,0.0,0.0,0.0,0.0,0.0,0.0,0.0,0.0,0.0,0.0,0.0,0.0,0.0,0.0
10.1289215,21.72,2.11,2.3,44.54,38.84,0.0,0.0,1.19,1.65,1.01,0.0,0.0,0.0,0.0,3.4,0.0,0.0,2.66,0.0,0.0,2.3,0.0,0.0,0.0,0.0
10.1289215,21.72,0.37,12.21,24.98,0.0,0.0,40.22,1.19,0.0,0.83,0.0,3.12,0.0,0.0,3.12,0.0,0.0,0.0,0.0,0.0,13.96,0.0,0.0,0.0,0.0
10.1289215,21.72,0.0,13.59,0.0,0.0,0.0,84.21,0.0,0.0,1.84,0.0,0.0,0.0,0.0,0.0,0.37,0.0,0.0,0.0,0.0,0.0,0.0,0.0,0.0,0.0
9.75471,21.72,0.0,17.72,0.0,0.0,0.0,66.76,0.18,1.29,0.0,0.0,1.65,5.88,2.48,4.04,0.0,0.0,0.0,0.0,0.0,0.0,0.0,0.0,0.0,0.0
9.404344,21.72,1.56,56.01,9.46,0.0,0.0,23.6,0.37,0.0,0.0,4.87,2.11,1.01,0.0,1.01,0.0,0.0,0.0,0.0,0.0,0.0,0.0,0.0,0.0,0.0
9.404344,21.72,0.18,62.44,1.1,0.64,0.0,23.32,5.51,0.0,0.18,0.0,0.92,3.76,0.0,1.93,0.0,0.0,0.0,0.0,0.0,0.0,0.0,0.0,0.0,0.0
9.404344,21.72,0.0,45.09,0.0,0.46,0.0,18.46,20.48,2.48,0.0,5.14,7.9,0.0,0.0,0.0,0.0,0.0,0.0,0.0,0.0,0.0,0.0,0.0,0.0,0.0
9.404344,21.72,1.74,13.68,0.0,0.0,0.0,84.48,0.0,0.09,0.0,0.0,0.0,0.0,0.0,0.0,0.0,0.0,0.0,0.0,0.0,0.0,0.0,0.0,0.0,0.0
9.404344,21.72,0.0,2.3,0.0,0.0,0.0,78.88,2.94,10.56,0.0,0.0,0.0,0.0,0.0,5.33,0.0,0.0,0.0,0.0,0.0,0.0,0.0,0.0,0.0,0.0
9.404344,21.72,0.28,20.84,3.67,0.0,0.0,37.37,1.47,8.08,0.0,0.0,2.57,0.0,0.0,24.43,0.0,0.0,0.0,0.0,0.0,1.29,0.0,0.0,0.0,0.0
9.404344,21.72,2.2,0.0,0.0,0.0,0.0,52.53,10.1,2.48,0.0,0.0,0.0,0.0,0.0,3.49,0.0,0.0,0.73,0.0,0.0,28.47,0.0,0.0,0.0,0.0
9.404344,21.72,1.74,1.1,0.0,0.0,0.0,63.82,2.11,3.49,0.0,0.0,2.48,4.41,0.0,6.61,0.0,0.0,0.0,0.0,0.0,14.23,0.0,0.0,0.0,0.0
9.404344,21.72,0.0,30.49,42.15,0.0,0.0,27.36,0.0,0.0,0.0,0.0,0.0,0.0,0.0,0.0,0.0,0.0,0.0,0.0,0.0,0.0,0.0,0.0,0.0,0.0
9.404344,21.72,0.0,67.58,22.41,10.01,0.0,0.0,0.0,0.0,0.0,0.0,0.0,0.0,0.0,0.0,0.0,0.0,0.0,0.0,0.0,0.0,0.0,0.0,0.0,0.0
8.695094,21.72,0.0,46.01,3.58,50.41,0.0,0.0,0.0,0.0,0.0,0.0,0.0,0.0,0.0,0.0,0.0,0.0,0.0,0.0,0.0,0.0,0.0,0.0,0.0,0.0
6.797401,21.72,0.0,2.02,70.71,1.56,0.0,0.0,0.0,0.0,0.0,0.0,0.0,0.0,4.41,21.3,0.0,0.0,0.0,0.0,0.0,0.0,0.0,0.0,0.0,0.0
6.797401,21.72,0.0,26.54,46.19,0.0,0.0,0.0,0.0,0.0,3.49,0.0,0.0,0.0,0.0,12.95,0.46,10.38,0.0,0.0,0.0,0.0,0.0,0.0,0.0,0.0
9.275109,21.467,0.0,5.05,16.53,12.21,1.56,36.82,1.74,0.0,0.37,0.0,1.56,0.0,0.0,24.15,0.0,0.0,0.0,0.0,0.0,0.0,0.0,0.0,0.0,0.0
9.275109,21.581,0.0,2.3,44.44,29.57,1.1,1.47,0.0,0.0,1.19,0.0,0.0,0.0,0.0,12.49,0.0,0.0,3.03,0.0,0.0,4.41,0.0,0.0,0.0,0.0
9.275109,21.72,0.0,0.0,0.55,98.71,0.0,0.0,0.0,0.0,0.0,0.0,0.0,0.0,0.0,0.0,0.0,0.0,0.73,0.0,0.0,0.0,0.0,0.0,0.0,0.0
9.92473,21.72,0.0,10.65,20.39,67.49,0.0,0.0,0.0,0.0,0.09,0.0,0.0,0.0,0.0,0.0,0.0,0.0,1.38,0.0,0.0,0.0,0.0,0.0,0.0,0.0
10.1289215,21.72,0.0,15.89,74.1,4.5,0.0,0.0,0.0,0.0,0.64,0.0,0.0,0.0,0.0,0.0,4.87,0.0,0.0,0.0,0.0,0.0,0.0,0.0,0.0,0.0
10.1289215,21.72,0.0,4.04,83.1,8.72,0.0,0.0,0.0,0.0,0.92,0.0,0.0,0.0,0.0,0.0,3.21,0.0,0.0,0.0,0.0,0.0,0.0,0.0,0.0,0.0
10.1289215,21.72,0.0,0.18,87.24,12.58,0.0,0.0,0.0,0.0,0.0,0.0,0.0,0.0,0.0,0.0,0.0,0.0,0.0,0.0,0.0,0.0,0.0,0.0,0.0,0.0
10.1289215,21.72,0.0,30.95,68.69,0.18,0.0,0.0,0.0,0.0,0.09,0.0,0.0,0.0,0.0,0.0,0.0,0.0,0.09,0.0,0.0,0.0,0.0,0.0,0.0,0.0
10.1289215,21.72,0.0,25.99,10.84,61.52,0.0,0.0,0.0,0.0,0.28,0.0,0.0,0.0,0.0,0.0,0.0,0.0,1.38,0.0,0.0,0.0,0.0,0.0,0.0,0.0
10.1289215,21.72,0.0,1.84,16.16,78.88,0.0,0.0,0.0,1.65,0.73,0.0,0.0,0.0,0.0,0.0,0.0,0.0,0.73,0.0,0.0,0.0,0.0,0.0,0.0,0.0
10.1289215,21.72,0.0,0.0,7.44,92.56,0.0,0.0,0.0,0.0,0.0,0.0,0.0,0.0,0.0,0.0,0.0,0.0,0.0,0.0,0.0,0.0,0.0,0.0,0.0,0.0
10.1289215,21.72,0.0,0.73,1.19,79.25,0.0,0.0,1.56,15.79,1.19,0.0,0.0,0.0,0.0,0.28,0.0,0.0,0.0,0.0,0.0,0.0,0.0,0.0,0.0,0.0
10.1289215,21.72,0.0,1.29,10.28,46.37,0.0,32.42,6.7,1.01,0.37,0.0,0.0,0.0,0.0,1.56,0.0,0.0,0.0,0.0,0.0,0.0,0.0,0.0,0.0,0.0
10.1289215,21.72,0.0,75.11,0.0,0.0,0.0,16.25,0.0,0.0,0.37,0.0,0.0,0.0,0.0,0.0,8.26,0.0,0.0,0.0,0.0,0.0,0.0,0.0,0.0,0.0
9.75471,21.72,0.0,52.53,15.15,0.0,0.0,18.37,0.83,0.0,0.28,0.0,1.56,0.0,2.66,8.26,0.0,0.0,0.37,0.0,0.0,0.0,0.0,0.0,0.0,0.0
9.404344,21.72,0.0,53.44,36.27,0.64,0.0,1.93,0.0,0.0,0.0,6.24,0.0,0.0,0.0,0.92,0.0,0.0,0.55,0.0,0.0,0.0,0.0,0.0,0.0,0.0
9.404344,21.72,2.2,27.0,32.87,1.93,0.0,16.35,6.89,0.0,0.28,6.98,0.0,0.0,0.0,5.51,0.0,0.0,0.0,0.0,0.0,0.0,0.0,0.0,0.0,0.0
9.404344,21.72,1.38,36.55,6.8,8.54,0.0,4.04,13.04,0.55,0.37,3.49,1.74,23.51,0.0,0.0,0.0,0.0,0.0,0.0,0.0,0.0,0.0,0.0,0.0,0.0
9.404344,21.72,4.32,79.25,0.0,3.4,0.0,0.18,3.58,1.1,0.37,0.0,1.38,0.09,6.34,0.0,0.0,0.0,0.0,0.0,0.0,0.0,0.0,0.0,0.0,0.0
9.404344,21.72,0.0,53.81,0.0,0.0,0.0,31.68,4.22,0.0,0.18,0.0,0.09,0.0,0.0,9.09,0.92,0.0,0.0,0.0,0.0,0.0,0.0,0.0,0.0,0.0
9.404344,21.72,1.56,0.09,26.63,0.0,0.0,7.25,12.49,2.57,0.0,6.34,2.39,0.0,0.0,39.94,0.0,0.0,0.0,0.0,0.0,0.73,0.0,0.0,0.0,0.0
9.404344,21.72,0.0,0.0,60.06,0.0,0.0,0.0,0.0,0.0,0.0,0.0,0.0,0.0,0.0,0.0,0.0,0.0,0.0,0.0,0.0,39.94,0.0,0.0,0.0,0.0
9.404344,21.72,0.0,3.58,34.34,0.0,0.0,0.0,0.0,0.0,0.0,0.0,0.92,0.0,0.0,0.09,0.0,0.0,0.0,0.0,0.0,61.07,0.0,0.0,0.0,0.0
9.404344,21.72,0.0,61.71,38.2,0.0,0.0,0.0,0.0,0.0,0.0,0.0,0.09,0.0,0.0,0.0,0.0,0.0,0.0,0.0,0.0,0.0,0.0,0.0,0.0,0.0
9.404344,21.72,0.0,41.23,31.31,27.18,0.0,0.0,0.0,0.0,0.28,0.0,0.0,0.0,0.0,0.0,0.0,0.0,0.0,0.0,0.0,0.0,0.0,0.0,0.0,0.0
8.695094,21.72,0.0,53.9,28.65,5.69,0.0,5.51,0.0,0.0,0.37,0.0,0.0,0.0,5.88,0.0,0.0,0.0,0.0,0.0,0.0,0.0,0.0,0.0,0.0,0.0
6.797401,21.72,0.0,3.95,90.54,2.3,0.0,0.0,0.0,0.0,2.3,0.0,0.0,0.0,0.0,0.0,0.18,0.73,0.0,0.0,0.0,0.0,0.0,0.0,0.0,0.0
6.797401,21.72,0.0,10.84,73.83,13.41,0.0,0.0,0.0,0.0,1.74,0.0,0.0,0.0,0.0,0.0,0.18,0.0,0.0,0.0,0.0,0.0,0.0,0.0,0.0,0.0
9.275109,21.467,8.45,3.86,16.62,4.13,0.46,23.23,0.0,3.21,0.09,0.0,0.73,0.0,0.0,39.21,0.0,0.0,0.0,0.0,0.0,0.0,0.0,0.0,0.0,0.0
9.275109,21.581,1.47,1.1,36.55,19.38,1.38,0.83,0.0,0.46,0.0,8.08,0.92,0.0,0.0,29.38,0.0,0.0,0.46,0.0,0.0,0.0,0.0,0.0,0.0,0.0
9.275109,21.72,4.41,0.0,11.57,27.27,0.0,10.38,8.08,0.0,0.46,0.0,0.55,0.0,0.0,37.1,0.0,0.0,0.0,0.0,0.0,0.18,0.0,0.0,0.0,0.0
9.92473,21.72,0.0,3.49,86.5,5.42,0.0,0.0,0.73,0.0,0.09,0.0,0.0,0.0,0.0,0.0,0.0,0.0,3.76,0.0,0.0,0.0,0.0,0.0,0.0,0.0
10.1289215,21.72,0.0,0.0,80.35,0.0,0.0,0.0,0.0,0.0,0.0,0.0,0.0,0.0,0.0,0.0,0.0,0.0,0.0,0.0,0.0,19.65,0.0,0.0,0.0,0.0
10.1289215,21.72,1.29,38.11,8.82,0.0,0.0,0.0,0.0,0.55,0.28,0.0,0.0,0.0,0.0,0.0,0.0,0.0,0.0,0.0,0.0,50.96,0.0,0.0,0.0,0.0
10.1289215,21.72,0.0,20.66,12.86,31.5,0.0,0.0,0.0,0.0,2.3,0.0,0.0,0.0,0.0,0.0,0.0,0.0,1.38,0.0,0.0,31.31,0.0,0.0,0.0,0.0
10.1289215,21.72,3.95,19.74,24.52,7.07,0.0,32.69,1.38,5.05,1.47,0.0,0.0,0.0,0.0,1.1,0.0,0.0,0.0,0.0,0.0,3.03,0.0,0.0,0.0,0.0
10.1289215,21.72,4.22,1.65,82.37,2.57,0.0,0.46,0.0,8.72,0.0,0.0,0.0,0.0,0.0,0.0,0.0,0.0,0.0,0.0,0.0,0.0,0.0,0.0,0.0,0.0
10.1289215,21.72,0.0,0.0,82.46,17.54,0.0,0.0,0.0,0.0,0.0,0.0,0.0,0.0,0.0,0.0,0.0,0.0,0.0,0.0,0.0,0.0,0.0,0.0,0.0,0.0
10.1289215,21.72,0.0,0.0,66.3,33.7,0.0,0.0,0.0,0.0,0.0,0.0,0.0,0.0,0.0,0.0,0.0,0.0,0.0,0.0,0.0,0.0,0.0,0.0,0.0,0.0
10.1289215,21.72,0.0,0.0,25.34,74.66,0.0,0.0,0.0,0.0,0.0,0.0,0.0,0.0,0.0,0.0,0.0,0.0,0.0,0.0,0.0,0.0,0.0,0.0,0.0,0.0
10.1289215,21.72,1.93,3.21,19.01,62.53,0.0,5.79,1.93,4.96,0.64,0.0,0.0,0.0,0.0,0.0,0.0,0.0,0.0,0.0,0.0,0.0,0.0,0.0,0.0,0.0
10.1289215,21.72,0.0,76.58,4.59,0.0,0.0,6.34,0.0,0.0,0.37,0.0,0.0,0.0,0.0,0.0,12.12,0.0,0.0,0.0,0.0,0.0,0.0,0.0,0.0,0.0
9.75471,21.72,0.0,11.75,86.69,0.0,0.0,0.0,0.0,0.0,0.0,0.0,0.0,0.0,0.0,0.0,0.55,0.0,1.01,0.0,0.0,0.0,0.0,0.0,0.0,0.0
9.404344,21.72,0.0,8.63,87.88,0.0,0.0,0.0,0.0,0.0,3.21,0.0,0.0,0.0,0.0,0.0,0.28,0.0,0.0,0.0,0.0,0.0,0.0,0.0,0.0,0.0
9.404344,21.72,0.0,16.44,76.12,0.0,0.0,0.0,2.48,2.48,0.0,0.0,0.0,0.0,0.0,2.48,0.0,0.0,0.0,0.0,0.0,0.0,0.0,0.0,0.0,0.0
9.404344,21.72,0.0,34.34,56.66,0.0,0.0,0.0,0.0,8.82,0.18,0.0,0.0,0.0,0.0,0.0,0.0,0.0,0.0,0.0,0.0,0.0,0.0,0.0,0.0,0.0
9.404344,21.72,0.0,74.2,25.8,0.0,0.0,0.0,0.0,0.0,0.0,0.0,0.0,0.0,0.0,0.0,0.0,0.0,0.0,0.0,0.0,0.0,0.0,0.0,0.0,0.0
9.404344,21.72,0.0,93.94,0.0,0.0,0.0,1.19,0.0,0.0,0.55,0.0,0.0,0.0,0.0,0.0,4.32,0.0,0.0,0.0,0.0,0.0,0.0,0.0,0.0,0.0
9.404344,21.72,2.57,10.1,71.72,0.0,0.0,0.18,0.0,0.0,0.37,2.2,0.0,0.0,0.0,5.97,6.89,0.0,0.0,0.0,0.0,0.0,0.0,0.0,0.0,0.0
9.404344,21.72,0.0,0.0,100.0,0.0,0.0,0.0,0.0,0.0,0.0,0.0,0.0,0.0,0.0,0.0,0.0,0.0,0.0,0.0,0.0,0.0,0.0,0.0,0.0,0.0
9.404344,21.72,0.0,0.0,100.0,0.0,0.0,0.0,0.0,0.0,0.0,0.0,0.0,0.0,0.0,0.0,0.0,0.0,0.0,0.0,0.0,0.0,0.0,0.0,0.0,0.0
9.404344,21.72,0.0,11.94,88.06,0.0,0.0,0.0,0.0,0.0,0.0,0.0,0.0,0.0,0.0,0.0,0.0,0.0,0.0,0.0,0.0,0.0,0.0,0.0,0.0,0.0
9.404344,21.72,0.0,10.19,87.97,1.29,0.0,0.0,0.0,0.0,0.55,0.0,0.0,0.0,0.0,0.0,0.0,0.0,0.0,0.0,0.0,0.0,0.0,0.0,0.0,0.0
8.695094,21.72,0.0,28.28,47.57,5.14,0.0,7.07,0.0,0.0,1.93,0.0,0.0,0.0,3.12,0.0,0.0,0.0,0.0,6.89,0.0,0.0,0.0,0.0,0.0,0.0
6.797401,21.72,0.0,7.99,73.55,1.65,0.0,0.0,0.0,0.0,4.13,0.0,0.0,0.0,0.0,0.0,0.09,12.58,0.0,0.0,0.0,0.0,0.0,0.0,0.0,0.0
6.797401,21.72,0.0,0.83,98.9,0.09,0.0,0.0,0.0,0.0,0.0,0.0,0.0,0.0,0.0,0.0,0.0,0.18,0.0,0.0,0.0,0.0,0.0,0.0,0.0,0.0
9.275109,21.727,1.93,0.0,97.7,0.37,0.0,0.0,0.0,0.0,0.0,0.0,0.0,0.0,0.0,0.0,0.0,0.0,0.0,0.0,0.0,0.0,0.0,0.0,0.0,0.0
9.275109,21.791,0.09,3.49,43.71,8.82,1.84,0.0,0.0,0.0,1.1,0.0,0.0,0.0,0.0,26.81,0.0,0.0,0.0,0.0,0.0,14.14,0.0,0.0,0.0,0.0
9.275109,21.871,4.04,4.22,7.53,2.39,0.09,0.0,2.2,0.0,0.0,0.0,0.0,0.0,0.0,41.32,0.0,0.0,0.0,0.0,0.0,38.2,0.0,0.0,0.0,0.0
9.92473,21.871,20.29,0.0,27.0,0.0,0.0,0.0,2.3,2.02,0.0,0.0,1.84,0.0,0.0,42.24,0.0,0.0,0.0,0.0,0.0,4.32,0.0,0.0,0.0,0.0
10.1289215,21.871,20.48,2.75,9.55,0.0,0.0,0.0,5.42,0.18,0.0,0.0,0.0,0.0,0.0,23.42,0.0,0.0,0.28,0.0,0.0,37.92,0.0,0.0,0.0,0.0
10.1289215,21.871,7.44,3.03,0.0,0.0,0.0,6.24,2.75,4.13,0.0,0.0,0.0,0.0,0.0,8.63,0.0,0.0,1.56,0.0,0.0,66.21,0.0,0.0,0.0,0.0
10.1289215,21.871,4.04,4.5,0.0,0.0,0.0,41.69,1.29,13.22,0.0,0.0,1.29,2.02,0.0,2.3,0.0,0.0,0.0,0.0,0.0,29.66,0.0,0.0,0.0,0.0
10.1289215,21.871,2.75,4.41,7.81,0.0,0.0,23.23,0.92,3.31,0.64,0.0,3.12,0.0,0.0,19.1,0.0,16.44,0.0,0.0,0.0,18.27,0.0,0.0,0.0,0.0
10.1289215,21.871,1.93,23.97,2.48,0.73,0.0,0.0,0.0,0.0,1.56,0.0,0.0,0.0,0.0,0.0,0.0,69.33,0.0,0.0,0.0,0.0,0.0,0.0,0.0,0.0
10.1289215,21.871,0.0,1.84,44.08,0.0,0.0,0.0,0.0,0.0,1.93,0.0,0.0,0.0,0.0,0.0,0.0,52.16,0.0,0.0,0.0,0.0,0.0,0.0,0.0,0.0
10.1289215,21.871,0.0,0.0,100.0,0.0,0.0,0.0,0.0,0.0,0.0,0.0,0.0,0.0,0.0,0.0,0.0,0.0,0.0,0.0,0.0,0.0,0.0,0.0,0.0,0.0
10.1289215,21.871,0.0,0.0,63.82,35.81,0.0,0.0,0.0,0.0,0.37,0.0,0.0,0.0,0.0,0.0,0.0,0.0,0.0,0.0,0.0,0.0,0.0,0.0,0.0,0.0
10.1289215,21.871,0.0,15.61,57.21,24.61,0.0,1.38,0.0,0.0,1.19,0.0,0.0,0.0,0.0,0.0,0.0,0.0,0.0,0.0,0.0,0.0,0.0,0.0,0.0,0.0
10.1289215,21.871,0.0,41.41,34.53,0.0,0.0,11.11,0.0,0.0,0.0,0.0,0.0,12.86,0.0,0.0,0.09,0.0,0.0,0.0,0.0,0.0,0.0,0.0,0.0,0.0
9.75471,21.871,0.0,2.11,88.52,0.0,0.0,0.0,0.0,0.0,0.37,0.0,0.0,0.0,0.0,0.0,9.0,0.0,0.0,0.0,0.0,0.0,0.0,0.0,0.0,0.0
9.404344,21.871,0.0,0.0,98.53,0.0,0.0,0.0,0.0,0.0,1.47,0.0,0.0,0.0,0.0,0.0,0.0,0.0,0.0,0.0,0.0,0.0,0.0,0.0,0.0,0.0
9.404344,21.871,0.0,0.0,100.0,0.0,0.0,0.0,0.0,0.0,0.0,0.0,0.0,0.0,0.0,0.0,0.0,0.0,0.0,0.0,0.0,0.0,0.0,0.0,0.0,0.0
9.404344,21.871,0.0,0.0,100.0,0.0,0.0,0.0,0.0,0.0,0.0,0.0,0.0,0.0,0.0,0.0,0.0,0.0,0.0,0.0,0.0,0.0,0.0,0.0,0.0,0.0
9.404344,21.871,0.0,23.51,76.49,0.0,0.0,0.0,0.0,0.0,0.0,0.0,0.0,0.0,0.0,0.0,0.0,0.0,0.0,0.0,0.0,0.0,0.0,0.0,0.0,0.0
9.404344,21.871,0.0,68.14,31.86,0.0,0.0,0.0,0.0,0.0,0.0,0.0,0.0,0.0,0.0,0.0,0.0,0.0,0.0,0.0,0.0,0.0,0.0,0.0,0.0,0.0
9.404344,21.871,0.0,16.71,79.98,0.0,0.0,0.0,0.0,0.0,2.85,0.0,0.0,0.0,0.0,0.0,0.46,0.0,0.0,0.0,0.0,0.0,0.0,0.0,0.0,0.0
9.404344,21.871,0.0,0.0,88.89,11.11,0.0,0.0,0.0,0.0,0.0,0.0,0.0,0.0,0.0,0.0,0.0,0.0,0.0,0.0,0.0,0.0,0.0,0.0,0.0,0.0
9.404344,21.871,0.0,0.0,100.0,0.0,0.0,0.0,0.0,0.0,0.0,0.0,0.0,0.0,0.0,0.0,0.0,0.0,0.0,0.0,0.0,0.0,0.0,0.0,0.0,0.0
9.404344,21.871,0.0,0.0,73.83,26.17,0.0,0.0,0.0,0.0,0.0,0.0,0.0,0.0,0.0,0.0,0.0,0.0,0.0,0.0,0.0,0.0,0.0,0.0,0.0,0.0
9.404344,21.871,0.0,24.24,54.64,10.1,0.0,0.0,0.0,0.0,3.31,0.0,0.0,0.0,0.0,0.0,0.0,7.71,0.0,0.0,0.0,0.0,0.0,0.0,0.0,0.0
8.695094,21.871,0.0,38.75,58.77,0.0,0.0,0.83,0.0,0.0,1.56,0.0,0.0,0.0,0.0,0.0,0.0,0.0,0.0,0.09,0.0,0.0,0.0,0.0,0.0,0.0
6.797401,21.871,0.0,29.48,57.76,0.0,0.0,12.76,0.0,0.0,0.0,0.0,0.0,0.0,0.0,0.0,0.0,0.0,0.0,0.0,0.0,0.0,0.0,0.0,0.0,0.0
6.797401,21.871,0.0,34.89,65.11,0.0,0.0,0.0,0.0,0.0,0.0,0.0,0.0,0.0,0.0,0.0,0.0,0.0,0.0,0.0,0.0,0.0,0.0,0.0,0.0,0.0
